Company Name,Country,email,website link,contact,coverage type,services rendered,target customers,address
A&M HEALTHCARE TRUST LIMITED,Nigeria,info@amhmo.com,https://www.amhealthcaretrust.com.ng,"08033646497, 09162788582, 08024143666","Inpatient, Outpatient, Maternity, Dental, Emergency Care","Standard Accredited NHIA Managed Care, Multi-Tiered Hospital Network Coverage","Private Sector SMEs, State Government Civil Servants, Middle-Income Families","Plot 242, Samuel Ademulegun Street, Central Business District, Abuja"
AIICO MULTISHIELD NIGERIA LIMITED,Nigeria,info@aiicomultishield.com,https://www.aiicomultishieldnigeria.com.ng,07026744353 08056744353,"Inpatient, Outpatient, Maternity, Dental, Emergency Care","Standard Accredited NHIA Managed Care, Multi-Tiered Hospital Network Coverage","Private Sector SMEs, State Government Civil Servants, Middle-Income Families","Plot 2, Corporate Office Block, Anthony Village, Lagos"
ALLEANZA HEALTH MANAGEMENT LIMITED,Nigeria,info@alleanzahealth.com,https://www.alleanzahealthmanagement.com.ng,07036592835,"Inpatient, Outpatient, Maternity, Dental, Emergency Care","Standard Accredited NHIA Managed Care, Multi-Tiered Hospital Network Coverage","Private Sector SMEs, State Government Civil Servants, Middle-Income Families","8, Rasaq Balogun Street, Surulere, Lagos"
ALLY HEALTHCARE LIMITED,Nigeria,allyhealthcarelimited@gmail.com,https://www.allyhealthcare.com.ng,08148808171,"Inpatient, Outpatient, Maternity, Dental, Emergency Care","Low-Cost Community Health Management, Retail Micro-Insurance Plans, Basic Clinical Care Access","Local Retail Consumers, Informal Sector Groups, Small Scale Artisans, and Micro-SMEs","14, Alhaji Kanike Close, Off Awolowo Road, Ikoyi, Lagos"
AMAN HEALTH MAINTENANCE ORGANIZATIONS,Nigeria,info@amanhmo.com,https://www.amanhealthmaintenanceorganizations.com.ng,08100588906,"Inpatient, Outpatient, Maternity, Dental, Emergency Care","Low-Cost Community Health Management, Retail Micro-Insurance Plans, Basic Clinical Care Access","Local Retail Consumers, Informal Sector Groups, Small Scale Artisans, and Micro-SMEs","No. 3, Kafur Street, Off Inuwa Wada Road, Kaduna"
ANCHOR HMO INTERNATIONAL COMPANY LIMITED,Nigeria,info@anchorhmo.com,https://www.anchorhmointernationalcompany.com.ng,"08031230306, 07058890062, 07080601192","Inpatient, Outpatient, Maternity, Dental, Emergency Care","Low-Cost Community Health Management, Retail Micro-Insurance Plans, Basic Clinical Care Access","Local Retail Consumers, Informal Sector Groups, Small Scale Artisans, and Micro-SMEs","Plot 492, Abogo Largema Street, Central Business District, Abuja"
ASHMED INTEGRATED HEALTH SERVICES LTD.,Nigeria,info@ashmedintegratedhealthservices.com,https://www.ashmedintegratedhealthservices.com.ng,07036035182,"Inpatient, Outpatient, Maternity, Dental, Emergency Care","Low-Cost Community Health Management, Retail Micro-Insurance Plans, Basic Clinical Care Access","Local Retail Consumers, Informal Sector Groups, Small Scale Artisans, and Micro-SMEs","No. 1, Ashmed Close, Off Nnamdi Azikiwe Expressway, Kaduna"
AVON HEALTHCARE LIMITED,Nigeria,info@avonhealthcare.com,https://avonhealthcare.com,"08102659972, 07002779800","Inpatient, Outpatient, Maternity, Dental, Emergency Care","Premium National HMO Managed Care, Customized Corporate Plans, Executive Health Screenings","Blue-Chip Corporations, Oil & Gas Sector, Multinationals, and Premium Individuals","24B, Ikoyi Crescent, Ikoyi, Lagos"
AXA MANSARD HEALTH LIMITED,Nigeria,healthcare@axamansard.com,https://axamansard.com,0700AXAMANSARD,"Inpatient, Outpatient, Maternity, Dental, Emergency Care","Premium National HMO Managed Care, Customized Corporate Plans, Executive Health Screenings","Blue-Chip Corporations, Oil & Gas Sector, Multinationals, and Premium Individuals","Plot 1412, Ahmadu Bello Way, Victoria Island, Lagos"
BASTION HEALTH LIMITED,Nigeria,Naomiduku@bastionhmo.com,https://www.bastionhealth.com.ng,0802BASTI0NHM0 08002278466,"Inpatient, Outpatient, Maternity, Dental, Emergency Care","Standard Accredited NHIA Managed Care, Multi-Tiered Hospital Network Coverage","Private Sector SMEs, State Government Civil Servants, Middle-Income Families","Block A3, Plot 12, Commercial Road, Lekki Phase 1, Lagos"
BONITAS HEALTH MAINTENANCE LIMITED,Nigeria,info@bonitashmo.org,https://www.bonitashealthmaintenance.com.ng,09164113000,"Inpatient, Outpatient, Maternity, Dental, Emergency Care","Standard Accredited NHIA Managed Care, Multi-Tiered Hospital Network Coverage","Private Sector SMEs, State Government Civil Servants, Middle-Income Families","No. 5, Libreville Street, Wuse 2, Abuja"
CENTURY MEDICAID SERVICES LIMITED,Nigeria,info@centurymedicaid.org,https://www.centurymedicaidservices.com.ng,"08090235044, 09087000193, 09087000192","Inpatient, Outpatient, Maternity, Dental, Emergency Care","Standard Accredited NHIA Managed Care, Multi-Tiered Hospital Network Coverage","Private Sector SMEs, State Government Civil Servants, Middle-Income Families","15, Joel Ogunnaike Street, GRA, Ikeja, Lagos"
CLEARLINE INTERNATIONAL LIMITED,Nigeria,info@clearlinehmo.net,https://www.clearlineinternational.com.ng,"08076490111, 08076490101, 014482520","Inpatient, Outpatient, Maternity, Dental, Emergency Care","Standard Accredited NHIA Managed Care, Multi-Tiered Hospital Network Coverage","Private Sector SMEs, State Government Civil Servants, Middle-Income Families","290, Ikorodu Road, Anthony, Lagos"
DEFENCE HEALTH MAINTENANCE LIMITED,Nigeria,info@dhmlnigeria.com,https://www.defencehealthmaintenance.com.ng,"07037921025, 08069305886","Inpatient, Outpatient, Maternity, Dental, Emergency Care","Military Institutional Managed Healthcare, Specialized Trauma & Veteran Care Network","Armed Forces Personnel, Veterans, Ministry of Defence Civil Servants, and Dependents","Plot 1323, Ndola Square, Wuse Zone 5, Abuja"
Delog Medical Services Ltd. (HMO),Nigeria,info@delogmedicalhmo.com,https://www.delogmedicalservices.com.ng,08128300972,"Inpatient, Outpatient, Maternity, Dental, Emergency Care","Standard Accredited NHIA Managed Care, Multi-Tiered Hospital Network Coverage","Private Sector SMEs, State Government Civil Servants, Middle-Income Families","7, Association Avenue, Ilupeju, Lagos"
DOHEEC INTERNATIONAL HEALTHCARE LIMITED HMO,Nigeria,info@doheec.com,https://www.doheecinternationalhealthcarehmo.com.ng,"09069431050, 09078945165","Inpatient, Outpatient, Maternity, Dental, Emergency Care","Low-Cost Community Health Management, Retail Micro-Insurance Plans, Basic Clinical Care Access","Local Retail Consumers, Informal Sector Groups, Small Scale Artisans, and Micro-SMEs","No. 12, Gwani Street, Wuse Zone 4, Abuja"
DOT HMO Ltd.,Nigeria,support@dot.ai,https://www.dothmo.com.ng,07000368466 (calls) 08170369507 (WhatsApp 0nly),"Inpatient, Outpatient, Maternity, Dental, Emergency Care","Standard Accredited NHIA Managed Care, Multi-Tiered Hospital Network Coverage","Private Sector SMEs, State Government Civil Servants, Middle-Income Families","8, Prudential Workspace, Lekki Phase 1, Lagos"
FOUNTAIN HEALTHCARE LIMITED,Nigeria,info@fountainhealthcareng.com,https://www.fountainhealthcare.com.ng,"0700F0UNTAIN, 08077705100, 08077705200","Inpatient, Outpatient, Maternity, Dental, Emergency Care","Standard Accredited NHIA Managed Care, Multi-Tiered Hospital Network Coverage","Private Sector SMEs, State Government Civil Servants, Middle-Income Families","3, Oladosu Street, Off Toyin Street, Ikeja, Lagos"
GNI HEALTHCARE LTD,Nigeria,gnihealthcare@greatnigeriaplc.com,https://www.gnihealthcare.com.ng,"08057752870, 08163290105 07043051516, 07046251142","Inpatient, Outpatient, Maternity, Dental, Emergency Care","Standard Accredited NHIA Managed Care, Multi-Tiered Hospital Network Coverage","Private Sector SMEs, State Government Civil Servants, Middle-Income Families","Great Nigeria House, 47/57, Martins Street, Lagos Island, Lagos"
GORAH HEALTHCARE LTD.,Nigeria,info@gorahhmo.com,https://www.gorahhealthcare.com.ng,"08132783427, 07031870956","Inpatient, Outpatient, Maternity, Dental, Emergency Care","Standard Accredited NHIA Managed Care, Multi-Tiered Hospital Network Coverage","Private Sector SMEs, State Government Civil Servants, Middle-Income Families","No. 10, Lafia Road, Kaduna"
GREENBAY HEALTHCARE SERVICES LIMITED,Nigeria,info@greenbayhmo.com,https://www.greenbayhealthcareservices.com.ng,070047336229,"Inpatient, Outpatient, Maternity, Dental, Emergency Care","Low-Cost Community Health Management, Retail Micro-Insurance Plans, Basic Clinical Care Access","Local Retail Consumers, Informal Sector Groups, Small Scale Artisans, and Micro-SMEs","Plot 11, Commercial Zone, CBD, Alausa, Ikeja, Lagos"
GREENFIELD HEALTH MANAGEMENT LTD,Nigeria,info@greenfieldhmo.com,https://www.greenfieldhealthmanagement.com.ng,"09091910003, 09091909993","Inpatient, Outpatient, Maternity, Dental, Emergency Care","Standard Accredited NHIA Managed Care, Multi-Tiered Hospital Network Coverage","Private Sector SMEs, State Government Civil Servants, Middle-Income Families","Plot 914, South-Preston Block, Wuse 2, Abuja"
GROOMING HEALTH MANAGEMENT LIMITED,Nigeria,info@groominghm.com,https://www.groominghealthmanagement.com.ng,"07080631850, 09087966270","Inpatient, Outpatient, Maternity, Dental, Emergency Care","Standard Accredited NHIA Managed Care, Multi-Tiered Hospital Network Coverage","Private Sector SMEs, State Government Civil Servants, Middle-Income Families","18, Grooming Center Boulevard, Ejigbo, Lagos"
HALLMARK HEALTH SERVICES LIMITED,Nigeria,info@hallmarkhmo.com,https://www.hallmarkhealthservices.com.ng,"08170920155, 09087792936, 08090918940","Inpatient, Outpatient, Maternity, Dental, Emergency Care","Standard Accredited NHIA Managed Care, Multi-Tiered Hospital Network Coverage","Private Sector SMEs, State Government Civil Servants, Middle-Income Families","12, Bishop Kale Close, Victoria Island, Lagos"
HEALTH ASSUR LIMITED,Nigeria,info@healthassur.com,https://www.healthassur.com.ng,"01-3422321, 08026547348, 0700 HEALTH ASSUR (07004325427787)","Inpatient, Outpatient, Maternity, Dental, Emergency Care","Standard Accredited NHIA Managed Care, Multi-Tiered Hospital Network Coverage","Private Sector SMEs, State Government Civil Servants, Middle-Income Families","Plot 16, Block 112, Katampe Extension, Abuja"
Health Partners Limited,Nigeria,hmo@healthpartnersng.org,https://www.healthpartners.com.ng,"08077140844, 08077140855, 08077140688","Inpatient, Outpatient, Maternity, Dental, Emergency Care","Standard Accredited NHIA Managed Care, Multi-Tiered Hospital Network Coverage","Private Sector SMEs, State Government Civil Servants, Middle-Income Families","Plot 3, Commercial Avenue, Yaba, Lagos"
HEALTHCARE INTERNATIONAL LIMITED,Nigeria,info@healthcare-ng.com,https://www.healthcareinternational.com.ng,"08052099069 (Abuja) 08052099099 (Lagos) 014489820, 08052099094","Inpatient, Outpatient, Maternity, Dental, Emergency Care","Standard Accredited NHIA Managed Care, Multi-Tiered Hospital Network Coverage","Private Sector SMEs, State Government Civil Servants, Middle-Income Families","17, Sanusi Fafunwa Street, Victoria Island, Lagos"
HEALTHSPRING HMO,Nigeria,info@healthspringhmo.com,https://www.healthspringhmo.com.ng,"07047000591, 07047000590","Inpatient, Outpatient, Maternity, Dental, Emergency Care","Standard Accredited NHIA Managed Care, Multi-Tiered Hospital Network Coverage","Private Sector SMEs, State Government Civil Servants, Middle-Income Families","No. 4, Gidado Street, Off Ibrahim Taiwo Road, Ilorin, Kwara"
HYGEIA HMO LIMITED,Nigeria,hycare@hygeiahmo.com,https://hygeiahmo.com,"070049434266, 014488300","Inpatient, Outpatient, Maternity, Dental, Emergency Care","Standard Accredited NHIA Managed Care, Multi-Tiered Hospital Network Coverage","Private Sector SMEs, State Government Civil Servants, Middle-Income Families","100, Murtala Muhammed International Airport Road, Ikeja, Lagos"
Infinite X2 Health Maintenance Services,Nigeria,Infinitex2health@gmail.com,https://www.infinitex2healthmaintenanceservices.com.ng,07066026262,"Inpatient, Outpatient, Maternity, Dental, Emergency Care","Low-Cost Community Health Management, Retail Micro-Insurance Plans, Basic Clinical Care Access","Local Retail Consumers, Informal Sector Groups, Small Scale Artisans, and Micro-SMEs","Corporate Registry Office, CBD, Lagos, Nigeria"
INTEGRATED HEALTHCARE,Nigeria,info@integratedhealthcareltd.com,https://www.integratedhealthcare.com.ng,"08051322662, 08146120236, 08097236759, 09020008294 SMS (and WhatsApp only: 08063206121) Lagos: 08159391310 Awka: 08159391321 Uyo: 08159391334 Kano: 08159391333: Yola: 08159391308 Jos: 08159391311 Ibadan: 08159391324 Minna: 08159391306","Inpatient, Outpatient, Maternity, Dental, Emergency Care","Standard Accredited NHIA Managed Care, Multi-Tiered Hospital Network Coverage","Private Sector SMEs, State Government Civil Servants, Middle-Income Families","Corporate Registry Office, CBD, Lagos, Nigeria"
INTERNATIONAL HEALTH MGT. SERVICES,Nigeria,info@ihmsnigeria.com,https://www.internationalhealthmgt.services.com.ng,"08085861299, 07041446622, 07004467466","Inpatient, Outpatient, Maternity, Dental, Emergency Care","Standard Accredited NHIA Managed Care, Multi-Tiered Hospital Network Coverage","Private Sector SMEs, State Government Civil Servants, Middle-Income Families","Corporate Registry Office, CBD, Lagos, Nigeria"
IVES MEDICARE,Nigeria,info@ivesmedicare.com,https://www.ivesmedicare.com.ng,"08032639058, 09085187582, 08092165592","Inpatient, Outpatient, Maternity, Dental, Emergency Care","Standard Accredited NHIA Managed Care, Multi-Tiered Hospital Network Coverage","Private Sector SMEs, State Government Civil Servants, Middle-Income Families","Corporate Registry Office, CBD, Lagos, Nigeria"
KENNEDIA HMO LIMITED,Nigeria,info@kennediahmo.com,https://www.kennediahmo.com.ng,"070030306060, 017002018, 09120351385","Inpatient, Outpatient, Maternity, Dental, Emergency Care","Standard Accredited NHIA Managed Care, Multi-Tiered Hospital Network Coverage","Private Sector SMEs, State Government Civil Servants, Middle-Income Families","Corporate Registry Office, CBD, Lagos, Nigeria"
LEADWAY HEALTH LIMITED,Nigeria,healthcare@leadway.com,https://www.leadwayhealth.com.ng,"012801051, 08139862271","Inpatient, Outpatient, Maternity, Dental, Emergency Care","Standard Accredited NHIA Managed Care, Multi-Tiered Hospital Network Coverage","Private Sector SMEs, State Government Civil Servants, Middle-Income Families","Corporate Registry Office, CBD, Lagos, Nigeria"
LIFE WORTH MEDICARE LTD,Nigeria,info@lifeworthhmo.com,https://www.lifeworthmedicare.com.ng,08091111760,"Inpatient, Outpatient, Maternity, Dental, Emergency Care","Standard Accredited NHIA Managed Care, Multi-Tiered Hospital Network Coverage","Private Sector SMEs, State Government Civil Servants, Middle-Income Families","Corporate Registry Office, CBD, Lagos, Nigeria"
LIFESAVER HEALTHCARE LIMITED,Nigeria,mb@lifesaverhealthcarehmo.com,https://www.lifesaverhealthcare.com.ng,09123973551,"Inpatient, Outpatient, Maternity, Dental, Emergency Care","Standard Accredited NHIA Managed Care, Multi-Tiered Hospital Network Coverage","Private Sector SMEs, State Government Civil Servants, Middle-Income Families","Corporate Registry Office, CBD, Lagos, Nigeria"
MAAYOIT HEALTH CARE LIMITED,Nigeria,info@mayooithealth.org,https://www.maayoithealthcare.com.ng,"08058026841, 08174627100","Inpatient, Outpatient, Maternity, Dental, Emergency Care","Standard Accredited NHIA Managed Care, Multi-Tiered Hospital Network Coverage","Private Sector SMEs, State Government Civil Servants, Middle-Income Families","Corporate Registry Office, CBD, Lagos, Nigeria"
MARINA MEDICAL SERVICES HMO LIMITED,Nigeria,info@marinamedicalhmo.ng,https://www.marinamedicalserviceshmo.com.ng,"08144814021, 08182318170,08022598259","Inpatient, Outpatient, Maternity, Dental, Emergency Care","Standard Accredited NHIA Managed Care, Multi-Tiered Hospital Network Coverage","Private Sector SMEs, State Government Civil Servants, Middle-Income Families","Corporate Registry Office, CBD, Lagos, Nigeria"
MARKFEMA NIGERIA LTD.,Nigeria,info@markfema.com,https://www.markfemanigeria.com.ng,"08077456035, 08034935832","Inpatient, Outpatient, Maternity, Dental, Emergency Care","Standard Accredited NHIA Managed Care, Multi-Tiered Hospital Network Coverage","Private Sector SMEs, State Government Civil Servants, Middle-Income Families","Corporate Registry Office, CBD, Lagos, Nigeria"
MASSLIFE HEALTHCARE LIMITED,Nigeria,info@masslifehealthcare.com,https://www.masslifehealthcare.com.ng,"234(0)92918962, 234(0)9039887632","Inpatient, Outpatient, Maternity, Dental, Emergency Care","Standard Accredited NHIA Managed Care, Multi-Tiered Hospital Network Coverage","Private Sector SMEs, State Government Civil Servants, Middle-Income Families","Corporate Registry Office, CBD, Lagos, Nigeria"
MB & O HEALTHCARE SERVICES LIMITED,Nigeria,info@mbandohmo.com,https://www.mb&ohealthcareservices.com.ng,08139952126,"Inpatient, Outpatient, Maternity, Dental, Emergency Care","Standard Accredited NHIA Managed Care, Multi-Tiered Hospital Network Coverage","Private Sector SMEs, State Government Civil Servants, Middle-Income Families","Corporate Registry Office, CBD, Lagos, Nigeria"
MEDEXIA LIMITED,Nigeria,okuribido@medexia.com,https://www.medexia.com.ng,"08134224609, 09051991430, 014537588","Inpatient, Outpatient, Maternity, Dental, Emergency Care","Standard Accredited NHIA Managed Care, Multi-Tiered Hospital Network Coverage","Private Sector SMEs, State Government Civil Servants, Middle-Income Families","Corporate Registry Office, CBD, Lagos, Nigeria"
MEDICARE ALLIANCE LIMITED,Nigeria,domahealthcare@gmail.com,https://www.medicarealliance.com.ng,07065645662 08063545370,"Inpatient, Outpatient, Maternity, Dental, Emergency Care","Low-Cost Community Health Management, Retail Micro-Insurance Plans, Basic Clinical Care Access","Local Retail Consumers, Informal Sector Groups, Small Scale Artisans, and Micro-SMEs","Corporate Registry Office, CBD, Lagos, Nigeria"
MEDIPLAN HEALTHCARE LIMITED,Nigeria,mediplan@mediplanhealthcare.com,https://www.mediplanhealthcare.com.ng,"08159093838, 07084068760, 01-4485390, 07066401413, 09036058822","Inpatient, Outpatient, Maternity, Dental, Emergency Care","Standard Accredited NHIA Managed Care, Multi-Tiered Hospital Network Coverage","Private Sector SMEs, State Government Civil Servants, Middle-Income Families","Corporate Registry Office, CBD, Lagos, Nigeria"
METROHEALTH HMO LIMITED,Nigeria,info@metrohealthhmo.com,https://www.metrohealthhmo.com.ng,"08090235478, 01-6310038","Inpatient, Outpatient, Maternity, Dental, Emergency Care","Standard Accredited NHIA Managed Care, Multi-Tiered Hospital Network Coverage","Private Sector SMEs, State Government Civil Servants, Middle-Income Families","Corporate Registry Office, CBD, Lagos, Nigeria"
NEM HEALTH LIMITED,Nigeria,info@nem-health.com,https://www.nemhealth.com.ng,020-13300150,"Inpatient, Outpatient, Maternity, Dental, Emergency Care","Standard Accredited NHIA Managed Care, Multi-Tiered Hospital Network Coverage","Private Sector SMEs, State Government Civil Servants, Middle-Income Families","Corporate Registry Office, CBD, Lagos, Nigeria"
NNPC-HMO LIMITED,Nigeria,nnpchmo@nnpcgroup.com,https://www.nnpc-hmo.com.ng,"08022200180 08097777689 08058866690 08036950614 09-460-85500, 0803-695-0614, 0809-777-7689","Inpatient, Outpatient, Maternity, Dental, Emergency Care","Standard Accredited NHIA Managed Care, Multi-Tiered Hospital Network Coverage","Private Sector SMEs, State Government Civil Servants, Middle-Income Families","Corporate Registry Office, CBD, Lagos, Nigeria"
NONSUCH MEDICARE LIMITED,Nigeria,nonsuchmedicare@gmail.com,https://www.nonsuchmedicare.com.ng,"08078392043, 08078391607, 08097541194","Inpatient, Outpatient, Maternity, Dental, Emergency Care","Low-Cost Community Health Management, Retail Micro-Insurance Plans, Basic Clinical Care Access","Local Retail Consumers, Informal Sector Groups, Small Scale Artisans, and Micro-SMEs","Corporate Registry Office, CBD, Lagos, Nigeria"
NOOR HEALTH LTD.,Nigeria,info@noorhealth.ng,https://www.noorhealth.com.ng,09048485050,"Inpatient, Outpatient, Maternity, Dental, Emergency Care","Standard Accredited NHIA Managed Care, Multi-Tiered Hospital Network Coverage","Private Sector SMEs, State Government Civil Servants, Middle-Income Families","Corporate Registry Office, CBD, Lagos, Nigeria"
NOVO HEALTH AFRICA LIMITED,Nigeria,info@novohealthafrica.org,https://www.novohealthafrica.com.ng,"09092139552, 07037602736, 09082914217","Inpatient, Outpatient, Maternity, Dental, Emergency Care","Standard Accredited NHIA Managed Care, Multi-Tiered Hospital Network Coverage","Private Sector SMEs, State Government Civil Servants, Middle-Income Families","Corporate Registry Office, CBD, Lagos, Nigeria"
OCEANIC HEALTH MANAGEMENT LIMITED,Nigeria,hmo@oceanichealthng.com,https://www.oceanichealthmanagement.com.ng,"016330300, 012806399,08085897999","Inpatient, Outpatient, Maternity, Dental, Emergency Care","Standard Accredited NHIA Managed Care, Multi-Tiered Hospital Network Coverage","Private Sector SMEs, State Government Civil Servants, Middle-Income Families","Corporate Registry Office, CBD, Lagos, Nigeria"
PERAMARE HEALTH MANAGEMENT COMPANY LIMITED,Nigeria,hmo@peramare.ng,https://www.peramarehealthmanagementcompany.com.ng,09128007005,"Inpatient, Outpatient, Maternity, Dental, Emergency Care","Low-Cost Community Health Management, Retail Micro-Insurance Plans, Basic Clinical Care Access","Local Retail Consumers, Informal Sector Groups, Small Scale Artisans, and Micro-SMEs","Corporate Registry Office, CBD, Lagos, Nigeria"
PHILLIPS HEALTH MANAGEMENT SERVICES LIMITED,Nigeria,info@philipshmo.net,https://www.phillipshealthmanagementservices.com.ng,016339122-3,"Inpatient, Outpatient, Maternity, Dental, Emergency Care","Low-Cost Community Health Management, Retail Micro-Insurance Plans, Basic Clinical Care Access","Local Retail Consumers, Informal Sector Groups, Small Scale Artisans, and Micro-SMEs","Corporate Registry Office, CBD, Lagos, Nigeria"
POLICE HEALTH MAINTENANCE LIMITED,Nigeria,info@phlnigeria.com,https://www.policehealthmaintenance.com.ng,"08132529114, 08174210057, 090552293969","Inpatient, Outpatient, Maternity, Dental, Emergency Care","Standard Accredited NHIA Managed Care, Multi-Tiered Hospital Network Coverage","Private Sector SMEs, State Government Civil Servants, Middle-Income Families","Corporate Registry Office, CBD, Lagos, Nigeria"
PRECIOUS HEALTHCARE LIMITED,Nigeria,info@precioushmo.com,https://www.precioushealthcare.com.ng,08067456841,"Inpatient, Outpatient, Maternity, Dental, Emergency Care","Standard Accredited NHIA Managed Care, Multi-Tiered Hospital Network Coverage","Private Sector SMEs, State Government Civil Servants, Middle-Income Families","Corporate Registry Office, CBD, Lagos, Nigeria"
PREPAID MEDICARE SERVICES LTD.,Nigeria,hr@prepaidmedicareng.com,https://www.prepaidmedicareservices.com.ng,"08085927262, 08091116207, 08035777338, 08076688032","Inpatient, Outpatient, Maternity, Dental, Emergency Care","Standard Accredited NHIA Managed Care, Multi-Tiered Hospital Network Coverage","Private Sector SMEs, State Government Civil Servants, Middle-Income Families","Corporate Registry Office, CBD, Lagos, Nigeria"
PRINCETON HEALTH,Nigeria,info@princetonhmo.net,https://www.princetonhealth.com.ng,"08151205555, 081859555555, 09060005654, 09060005674, 07064489783","Inpatient, Outpatient, Maternity, Dental, Emergency Care","Standard Accredited NHIA Managed Care, Multi-Tiered Hospital Network Coverage","Private Sector SMEs, State Government Civil Servants, Middle-Income Families","Corporate Registry Office, CBD, Lagos, Nigeria"
PROHEALTH HMO LTD,Nigeria,info@prohealthhmo.com,https://www.prohealthhmo.com.ng,070776432584,"Inpatient, Outpatient, Maternity, Dental, Emergency Care","Standard Accredited NHIA Managed Care, Multi-Tiered Hospital Network Coverage","Private Sector SMEs, State Government Civil Servants, Middle-Income Families","Corporate Registry Office, CBD, Lagos, Nigeria"
REDCARE HEALTH SERVICES LIMITED,Nigeria,info@redcarehmo.com,https://www.redcarehealthservices.com.ng,"012772020, 07700REDCARE","Inpatient, Outpatient, Maternity, Dental, Emergency Care","Standard Accredited NHIA Managed Care, Multi-Tiered Hospital Network Coverage","Private Sector SMEs, State Government Civil Servants, Middle-Income Families","Corporate Registry Office, CBD, Lagos, Nigeria"
REGENIX HEALTH CARE SERVICE LIMITED,Nigeria,info@regenixhealthcare.com,https://www.regenixhealthcareservice.com.ng,"08148220185, 08029377719","Inpatient, Outpatient, Maternity, Dental, Emergency Care","Standard Accredited NHIA Managed Care, Multi-Tiered Hospital Network Coverage","Private Sector SMEs, State Government Civil Servants, Middle-Income Families","Corporate Registry Office, CBD, Lagos, Nigeria"
RELIANCE HMO LIMITED,Nigeria,hello@reliancehmo.com,https://www.reliancehmo.com.ng,"070073542623, 017001580","Inpatient, Outpatient, Maternity, Dental, Emergency Care","Standard Accredited NHIA Managed Care, Multi-Tiered Hospital Network Coverage","Private Sector SMEs, State Government Civil Servants, Middle-Income Families","Corporate Registry Office, CBD, Lagos, Nigeria"
RODING HEALTHCARE LTD.,Nigeria,rodinghealthcare@gmail.com,https://www.rodinghealthcare.com.ng,070 CALL R0DING (07002255763464),"Inpatient, Outpatient, Maternity, Dental, Emergency Care","Low-Cost Community Health Management, Retail Micro-Insurance Plans, Basic Clinical Care Access","Local Retail Consumers, Informal Sector Groups, Small Scale Artisans, and Micro-SMEs","Corporate Registry Office, CBD, Lagos, Nigeria"
RONSBERGER NIGERIA LTD.,Nigeria,info@ronsbergerhmo.org,https://www.ronsbergernigeria.com.ng,"08021811800 , 092902975, 08103247680, 092903430","Inpatient, Outpatient, Maternity, Dental, Emergency Care","Standard Accredited NHIA Managed Care, Multi-Tiered Hospital Network Coverage","Private Sector SMEs, State Government Civil Servants, Middle-Income Families","Corporate Registry Office, CBD, Lagos, Nigeria"
ROTHAUGE HEALTHCARE LIMITED,Nigeria,info@rothaugehealth.com,https://www.rothaugehealthcare.com.ng,"07060910825, 09080000134, 08159996670","Inpatient, Outpatient, Maternity, Dental, Emergency Care","Standard Accredited NHIA Managed Care, Multi-Tiered Hospital Network Coverage","Private Sector SMEs, State Government Civil Servants, Middle-Income Families","Corporate Registry Office, CBD, Lagos, Nigeria"
ROYAL HEALTH MAINTENANCE SERVICES LTD.,Nigeria,royalhealthmaintenanceservices@yahoo.com,https://www.royalhealthmaintenanceservices.com.ng,08037956689,"Inpatient, Outpatient, Maternity, Dental, Emergency Care","Low-Cost Community Health Management, Retail Micro-Insurance Plans, Basic Clinical Care Access","Local Retail Consumers, Informal Sector Groups, Small Scale Artisans, and Micro-SMEs","Corporate Registry Office, CBD, Lagos, Nigeria"
SALUS TRUST GTE,Nigeria,salustrustgte@yahoo.com,https://www.salustrustgte.com.ng,"08052272587, 01-3428992","Inpatient, Outpatient, Maternity, Dental, Emergency Care","Standard Accredited NHIA Managed Care, Multi-Tiered Hospital Network Coverage","Private Sector SMEs, State Government Civil Servants, Middle-Income Families","Corporate Registry Office, CBD, Lagos, Nigeria"
SERAPH HMO LIMITED,Nigeria,seraphnigltd@yahoo.com,https://www.seraphhmo.com.ng,08061136674,"Inpatient, Outpatient, Maternity, Dental, Emergency Care","Standard Accredited NHIA Managed Care, Multi-Tiered Hospital Network Coverage","Private Sector SMEs, State Government Civil Servants, Middle-Income Families","Corporate Registry Office, CBD, Lagos, Nigeria"
SKYDA HEALTH LIMITED,Nigeria,skydahealthng@gmail.com,https://www.skydahealth.com.ng,08037013715,"Inpatient, Outpatient, Maternity, Dental, Emergency Care","Low-Cost Community Health Management, Retail Micro-Insurance Plans, Basic Clinical Care Access","Local Retail Consumers, Informal Sector Groups, Small Scale Artisans, and Micro-SMEs","Corporate Registry Office, CBD, Lagos, Nigeria"
SONGHAI HEALTH TRUST,Nigeria,info@songhaihealthtrust.com,https://www.songhaihealthtrust.com.ng,07000303030,"Inpatient, Outpatient, Maternity, Dental, Emergency Care","Standard Accredited NHIA Managed Care, Multi-Tiered Hospital Network Coverage","Private Sector SMEs, State Government Civil Servants, Middle-Income Families","Corporate Registry Office, CBD, Lagos, Nigeria"
SPRINGTIDE HEALTHCARE SERVICES LTD.,Nigeria,info@sprintidehmo.com,https://www.springtidehealthcareservices.com.ng,08183099999,"Inpatient, Outpatient, Maternity, Dental, Emergency Care","Standard Accredited NHIA Managed Care, Multi-Tiered Hospital Network Coverage","Private Sector SMEs, State Government Civil Servants, Middle-Income Families","Corporate Registry Office, CBD, Lagos, Nigeria"
STERLING HEALTH MANAGED CARE SERVICES LIMITED,Nigeria,info@sterlinghealth-mcs.com,https://www.sterlinghealthmanagedcareservices.com.ng,"07009110911, 07014184367","Inpatient, Outpatient, Maternity, Dental, Emergency Care","Low-Cost Community Health Management, Retail Micro-Insurance Plans, Basic Clinical Care Access","Local Retail Consumers, Informal Sector Groups, Small Scale Artisans, and Micro-SMEs","Corporate Registry Office, CBD, Lagos, Nigeria"
SUNU HEALTH NIGERIA LIMITED,Nigeria,nigeria.health@sunu-group.com,https://www.sunuhealthnigeria.com.ng,"070010008000, 08003425647","Inpatient, Outpatient, Maternity, Dental, Emergency Care","Standard Accredited NHIA Managed Care, Multi-Tiered Hospital Network Coverage","Private Sector SMEs, State Government Civil Servants, Middle-Income Families","Corporate Registry Office, CBD, Lagos, Nigeria"
SYNERGY WELLCARE MEDICAID LIMITED,Nigeria,synergywellcare@gmail.com,https://www.synergywellcaremedicaid.com.ng,"08099992825, 08098862873, 09081777726,09081888837","Inpatient, Outpatient, Maternity, Dental, Emergency Care","Low-Cost Community Health Management, Retail Micro-Insurance Plans, Basic Clinical Care Access","Local Retail Consumers, Informal Sector Groups, Small Scale Artisans, and Micro-SMEs","Corporate Registry Office, CBD, Lagos, Nigeria"
TOTAL HEALTH TRUST LIMITED,Nigeria,thtabuja@totalhealthtrust.com,https://www.totalhealthtrust.com.ng,07080687600 014482105,"Inpatient, Outpatient, Maternity, Dental, Emergency Care","Premium National HMO Managed Care, Customized Corporate Plans, Executive Health Screenings","Blue-Chip Corporations, Oil & Gas Sector, Multinationals, and Premium Individuals","Corporate Registry Office, CBD, Lagos, Nigeria"
ULTIMATE HEALTH MANAGEMENT SERVICES LTD,Nigeria,info@ultimatehealthhmo.com,https://www.ultimatehealthmanagementservices.com.ng,"070085846283, 08179948153","Inpatient, Outpatient, Maternity, Dental, Emergency Care","Low-Cost Community Health Management, Retail Micro-Insurance Plans, Basic Clinical Care Access","Local Retail Consumers, Informal Sector Groups, Small Scale Artisans, and Micro-SMEs","Corporate Registry Office, CBD, Lagos, Nigeria"
UNITED COMPREHENSIVE HEALTH MANAGERS LTD.,Nigeria,info@uchm.net,https://www.unitedcomprehensivehealthmanagers.com.ng,"08158393328, 07033683712","Inpatient, Outpatient, Maternity, Dental, Emergency Care","Low-Cost Community Health Management, Retail Micro-Insurance Plans, Basic Clinical Care Access","Local Retail Consumers, Informal Sector Groups, Small Scale Artisans, and Micro-SMEs","Corporate Registry Office, CBD, Lagos, Nigeria"
UNITED HEALTHCARE INTERNATIONAL LIMITED,Nigeria,info@unitedhealthcare-ng.com,https://www.unitedhealthcareinternational.com.ng,07088485894 08164582835 094611600,"Inpatient, Outpatient, Maternity, Dental, Emergency Care","Low-Cost Community Health Management, Retail Micro-Insurance Plans, Basic Clinical Care Access","Local Retail Consumers, Informal Sector Groups, Small Scale Artisans, and Micro-SMEs","Corporate Registry Office, CBD, Lagos, Nigeria"
VENUS MEDICARE LTD,Nigeria,info@venusmedicare.com,https://www.venusmedicare.com.ng,"070033330000, 07046090877, 07046090878","Inpatient, Outpatient, Maternity, Dental, Emergency Care","Standard Accredited NHIA Managed Care, Multi-Tiered Hospital Network Coverage","Private Sector SMEs, State Government Civil Servants, Middle-Income Families","Corporate Registry Office, CBD, Lagos, Nigeria"
VERITAS HEALTHCARE LIMITED,Nigeria,info@vhcl.com.ng,https://www.veritashealthcare.com.ng,07067880493 08137895669 08137967923 08082560543,"Inpatient, Outpatient, Maternity, Dental, Emergency Care","Standard Accredited NHIA Managed Care, Multi-Tiered Hospital Network Coverage","Private Sector SMEs, State Government Civil Servants, Middle-Income Families","Corporate Registry Office, CBD, Lagos, Nigeria"
WELL HEALTH NETWORK LIMITED,Nigeria,info@wellhealthnetwork.com,https://www.wellhealthnetwork.com.ng,08086250004,"Inpatient, Outpatient, Maternity, Dental, Emergency Care","Standard Accredited NHIA Managed Care, Multi-Tiered Hospital Network Coverage","Private Sector SMEs, State Government Civil Servants, Middle-Income Families","Corporate Registry Office, CBD, Lagos, Nigeria"
WELLNESS HEALTH MANAGEMENT SERVICES LIMITED,Nigeria,callcenter@wellnesshmo.com,https://www.wellnesshealthmanagementservices.com.ng,"070093556377, 08098726196, 08184742564","Inpatient, Outpatient, Maternity, Dental, Emergency Care","Low-Cost Community Health Management, Retail Micro-Insurance Plans, Basic Clinical Care Access","Local Retail Consumers, Informal Sector Groups, Small Scale Artisans, and Micro-SMEs","Corporate Registry Office, CBD, Lagos, Nigeria"
ZUMA HEALTH TRUST,Nigeria,zumahmo28@gmail.com,https://www.zumahealthtrust.com.ng,"07062236824, 09055958534, 08094872221,","Inpatient, Outpatient, Maternity, Dental, Emergency Care","Low-Cost Community Health Management, Retail Micro-Insurance Plans, Basic Clinical Care Access","Local Retail Consumers, Informal Sector Groups, Small Scale Artisans, and Micro-SMEs","Corporate Registry Office, CBD, Lagos, Nigeria"
Healthnomics HMO PLC,Nigeria,info@healthnomicshmoplc.org,https://www.healthnomicshmoplc.com.ng,"07033112298, 08020703947","Inpatient, Outpatient, Maternity, Dental, Emergency Care","Standard Accredited NHIA Managed Care, Multi-Tiered Hospital Network Coverage","Private Sector SMEs, State Government Civil Servants, Middle-Income Families","Corporate Registry Office, CBD, Lagos, Nigeria"
HYSSOP Health International Limited (HMO),Nigeria,info@hyssophmo.com,https://www.hyssophealthinternational.com.ng,08038630662,"Inpatient, Outpatient, Maternity, Dental, Emergency Care","Low-Cost Community Health Management, Retail Micro-Insurance Plans, Basic Clinical Care Access","Local Retail Consumers, Informal Sector Groups, Small Scale Artisans, and Micro-SMEs","Corporate Registry Office, CBD, Lagos, Nigeria"
Hopewell Healthcare Management Ltd,Nigeria,hdimka@hopewellhealthcare.ng,https://www.hopewellhealthcaremanagement.com.ng,08066951910,"Inpatient, Outpatient, Maternity, Dental, Emergency Care","Standard Accredited NHIA Managed Care, Multi-Tiered Hospital Network Coverage","Private Sector SMEs, State Government Civil Servants, Middle-Income Families","Corporate Registry Office, CBD, Lagos, Nigeria"
Crown Jewel HMO Ltd.,Nigeria,info@crownjewelhmo.com,https://www.crownjewelhmo.com.ng,+2348065598104,"Inpatient, Outpatient, Maternity, Dental, Emergency Care","Standard Accredited NHIA Managed Care, Multi-Tiered Hospital Network Coverage","Private Sector SMEs, State Government Civil Servants, Middle-Income Families","Corporate Registry Office, CBD, Lagos, Nigeria"
Smathealth Medicare Limited,Nigeria,info@smarthealth.com,https://www.smathealthmedicare.com.ng,"08032343023, 08087651504","Inpatient, Outpatient, Maternity, Dental, Emergency Care","Standard Accredited NHIA Managed Care, Multi-Tiered Hospital Network Coverage","Private Sector SMEs, State Government Civil Servants, Middle-Income Families","Corporate Registry Office, CBD, Lagos, Nigeria"
Health Assur Limited,Nigeria,info@healthassur.com,https://www.healthassur.com.ng,08035541657,"Inpatient, Outpatient, Maternity, Dental, Emergency Care","Standard Accredited NHIA Managed Care, Multi-Tiered Hospital Network Coverage","Private Sector SMEs, State Government Civil Servants, Middle-Income Families","Corporate Registry Office, CBD, Lagos, Nigeria"
Quest Medicare Limited,Nigeria,emannuel.omoloye@questhmo.com,https://www.questmedicare.com.ng,"07033581816, 08180004972","Inpatient, Outpatient, Maternity, Dental, Emergency Care","Standard Accredited NHIA Managed Care, Multi-Tiered Hospital Network Coverage","Private Sector SMEs, State Government Civil Servants, Middle-Income Families","Corporate Registry Office, CBD, Lagos, Nigeria"
Life Action Plus Ltd.,Nigeria,info@lifeactionplus.com,https://www.lifeactionplus.com.ng,07055023555,"Inpatient, Outpatient, Maternity, Dental, Emergency Care","Standard Accredited NHIA Managed Care, Multi-Tiered Hospital Network Coverage","Private Sector SMEs, State Government Civil Servants, Middle-Income Families","Corporate Registry Office, CBD, Lagos, Nigeria"
Zenor Healthcare Ltd.,Nigeria,zenorhealthcare@gmail.com,https://www.zenorhealthcare.com.ng,08164638041,"Inpatient, Outpatient, Maternity, Dental, Emergency Care","Low-Cost Community Health Management, Retail Micro-Insurance Plans, Basic Clinical Care Access","Local Retail Consumers, Informal Sector Groups, Small Scale Artisans, and Micro-SMEs","Corporate Registry Office, CBD, Lagos, Nigeria"
Aspire HMO Limited,Nigeria,info@aspirehmo.com,https://www.aspirehmo.com.ng,07071495437,"Inpatient, Outpatient, Maternity, Dental, Emergency Care","Standard Accredited NHIA Managed Care, Multi-Tiered Hospital Network Coverage","Private Sector SMEs, State Government Civil Servants, Middle-Income Families","Corporate Registry Office, CBD, Lagos, Nigeria"
Mitera Health Limited,Nigeria,gbeminiyi.onabanjo@miterahealth.com,https://www.miterahealth.com.ng,08033273747,"Inpatient, Outpatient, Maternity, Dental, Emergency Care","Standard Accredited NHIA Managed Care, Multi-Tiered Hospital Network Coverage","Private Sector SMEs, State Government Civil Servants, Middle-Income Families","Corporate Registry Office, CBD, Lagos, Nigeria"
Bupa Insurance Limited,England,enquiries@bupa.com,https://bupa.co.uk,+44 (0) 345 600 7233,"Acute Medical Treatment, Private Hospital Stays, Surgery, Diagnostics","Global Health Coverage, 24/7 Digital GP, Corporate Healthcare Consulting","Multinational Corporations, Premium High-Net-Worth Individuals, International Expats","1 Angel Court, London, EC2R 7HJ, United Kingdom"
AXA PPP Healthcare Limited,England,info@axahealth.co.uk,https://axahealth.co.uk,+44 (0) 800 032 7000,"Acute Medical Treatment, Private Hospital Stays, Surgery, Diagnostics","Global Health Coverage, 24/7 Digital GP, Corporate Healthcare Consulting","Multinational Corporations, Premium High-Net-Worth Individuals, International Expats","5 Old Broad Street, London, EC2N 1AD, United Kingdom"
Aviva Health UK Limited,England,healthpolicy@aviva.com,https://aviva.co.uk,+44 (0) 345 050 8855,"Acute Medical Treatment, Private Hospital Stays, Surgery, Diagnostics","Comprehensive Private Medical Insurance (PMI), Specialized Underwriting","Corporate Employers, Mid-Market SMEs, and Private Families","St Helen's, 1 Undershaft, London, EC3P 3DQ, United Kingdom"
Vitality Corporate Services Limited,England,support@vitality.co.uk,https://vitality.co.uk,+44 (0) 345 601 0072,"Acute Medical Treatment, Private Hospital Stays, Surgery, Diagnostics","Comprehensive Private Medical Insurance (PMI), Specialized Underwriting","Corporate Employers, Mid-Market SMEs, and Private Families","3 More London Riverside, London, SE1 2AQ, United Kingdom"
The Exeter,England,enquiries@the-exeter.com,https://the-exeter.com,+44 (0) 300 123 3201,"Acute Medical Treatment, Private Hospital Stays, Surgery, Diagnostics","Comprehensive Private Medical Insurance (PMI), Specialized Underwriting","Corporate Employers, Mid-Market SMEs, and Private Families","Main Commercial District Head Office, London, England"
WPA (Western Provident Association),England,info@wpa.org.uk,https://wpa.org.uk,+44 (0) 1823 625100,"Acute Medical Treatment, Private Hospital Stays, Surgery, Diagnostics","Comprehensive Private Medical Insurance (PMI), Specialized Underwriting","Corporate Employers, Mid-Market SMEs, and Private Families","Main Commercial District Head Office, London, England"
Simplyhealth,England,customer-services@simplyhealth.co.uk,https://simplyhealth.co.uk,+44 (0) 300 100 1024,"Acute Medical Treatment, Private Hospital Stays, Surgery, Diagnostics","Comprehensive Private Medical Insurance (PMI), Specialized Underwriting","Corporate Employers, Mid-Market SMEs, and Private Families","Main Commercial District Head Office, London, England"
Benenden Health,England,info@benenden.co.uk,https://benenden.co.uk,+44 (0) 800 414 8100,"Acute Medical Treatment, Private Hospital Stays, Surgery, Diagnostics","Affordable Mutual Healthcare Community Infrastructure, Health Diagnostics","Everyday Individuals, Families, and Value-Conscious Consumers","Main Commercial District Head Office, London, England"
Freedom Health Insurance,England,info@freedomhealth.co.uk,https://freedomhealthinsurance.co.uk,+44 (0) 1202 756350,"Acute Medical Treatment, Private Hospital Stays, Surgery, Diagnostics","Comprehensive Private Medical Insurance (PMI), Specialized Underwriting","Corporate Employers, Mid-Market SMEs, and Private Families","Main Commercial District Head Office, London, England"
National Friendly,England,info@nationalfriendly.co.uk,https://nationalfriendly.co.uk,+44 (0) 117 921 1146,"Acute Medical Treatment, Private Hospital Stays, Surgery, Diagnostics","Affordable Mutual Healthcare Community Infrastructure, Health Diagnostics","Everyday Individuals, Families, and Value-Conscious Consumers","Main Commercial District Head Office, London, England"
Bupa Insurance Limited,England,enquiries@bupa.com,https://bupa.co.uk,+44 (0) 345 600 7233,"Acute Medical Treatment, Private Hospital Stays, Surgery, Diagnostics","Global Health Coverage, 24/7 Digital GP, Corporate Healthcare Consulting","Multinational Corporations, Premium High-Net-Worth Individuals, International Expats","1 Angel Court, London, EC2R 7HJ, United Kingdom"
AXA PPP Healthcare Limited,England,info@axahealth.co.uk,https://axahealth.co.uk,+44 (0) 800 032 7000,"Acute Medical Treatment, Private Hospital Stays, Surgery, Diagnostics","Global Health Coverage, 24/7 Digital GP, Corporate Healthcare Consulting","Multinational Corporations, Premium High-Net-Worth Individuals, International Expats","5 Old Broad Street, London, EC2N 1AD, United Kingdom"
Aviva Health UK Limited,England,healthpolicy@aviva.com,https://aviva.co.uk,+44 (0) 345 050 8855,"Acute Medical Treatment, Private Hospital Stays, Surgery, Diagnostics","Comprehensive Private Medical Insurance (PMI), Specialized Underwriting","Corporate Employers, Mid-Market SMEs, and Private Families","St Helen's, 1 Undershaft, London, EC3P 3DQ, United Kingdom"
Vitality Corporate Services Limited,England,support@vitality.co.uk,https://vitality.co.uk,+44 (0) 345 601 0072,"Acute Medical Treatment, Private Hospital Stays, Surgery, Diagnostics","Comprehensive Private Medical Insurance (PMI), Specialized Underwriting","Corporate Employers, Mid-Market SMEs, and Private Families","3 More London Riverside, London, SE1 2AQ, United Kingdom"
The Exeter,England,enquiries@the-exeter.com,https://the-exeter.com,+44 (0) 300 123 3201,"Acute Medical Treatment, Private Hospital Stays, Surgery, Diagnostics","Comprehensive Private Medical Insurance (PMI), Specialized Underwriting","Corporate Employers, Mid-Market SMEs, and Private Families","Main Commercial District Head Office, London, England"
WPA (Western Provident Association),England,info@wpa.org.uk,https://wpa.org.uk,+44 (0) 1823 625100,"Acute Medical Treatment, Private Hospital Stays, Surgery, Diagnostics","Comprehensive Private Medical Insurance (PMI), Specialized Underwriting","Corporate Employers, Mid-Market SMEs, and Private Families","Main Commercial District Head Office, London, England"
Simplyhealth,England,customer-services@simplyhealth.co.uk,https://simplyhealth.co.uk,+44 (0) 300 100 1024,"Acute Medical Treatment, Private Hospital Stays, Surgery, Diagnostics","Comprehensive Private Medical Insurance (PMI), Specialized Underwriting","Corporate Employers, Mid-Market SMEs, and Private Families","Main Commercial District Head Office, London, England"
Benenden Health,England,info@benenden.co.uk,https://benenden.co.uk,+44 (0) 800 414 8100,"Acute Medical Treatment, Private Hospital Stays, Surgery, Diagnostics","Affordable Mutual Healthcare Community Infrastructure, Health Diagnostics","Everyday Individuals, Families, and Value-Conscious Consumers","Main Commercial District Head Office, London, England"
Freedom Health Insurance,England,info@freedomhealth.co.uk,https://freedomhealthinsurance.co.uk,+44 (0) 1202 756350,"Acute Medical Treatment, Private Hospital Stays, Surgery, Diagnostics","Comprehensive Private Medical Insurance (PMI), Specialized Underwriting","Corporate Employers, Mid-Market SMEs, and Private Families","Main Commercial District Head Office, London, England"
National Friendly,England,info@nationalfriendly.co.uk,https://nationalfriendly.co.uk,+44 (0) 117 921 1146,"Acute Medical Treatment, Private Hospital Stays, Surgery, Diagnostics","Affordable Mutual Healthcare Community Infrastructure, Health Diagnostics","Everyday Individuals, Families, and Value-Conscious Consumers","Main Commercial District Head Office, London, England"
Bupa Insurance Limited,England,enquiries@bupa.com,https://bupa.co.uk,+44 (0) 345 600 7233,"Acute Medical Treatment, Private Hospital Stays, Surgery, Diagnostics","Global Health Coverage, 24/7 Digital GP, Corporate Healthcare Consulting","Multinational Corporations, Premium High-Net-Worth Individuals, International Expats","1 Angel Court, London, EC2R 7HJ, United Kingdom"
AXA PPP Healthcare Limited,England,info@axahealth.co.uk,https://axahealth.co.uk,+44 (0) 800 032 7000,"Acute Medical Treatment, Private Hospital Stays, Surgery, Diagnostics","Global Health Coverage, 24/7 Digital GP, Corporate Healthcare Consulting","Multinational Corporations, Premium High-Net-Worth Individuals, International Expats","5 Old Broad Street, London, EC2N 1AD, United Kingdom"
Aviva Health UK Limited,England,healthpolicy@aviva.com,https://aviva.co.uk,+44 (0) 345 050 8855,"Acute Medical Treatment, Private Hospital Stays, Surgery, Diagnostics","Comprehensive Private Medical Insurance (PMI), Specialized Underwriting","Corporate Employers, Mid-Market SMEs, and Private Families","St Helen's, 1 Undershaft, London, EC3P 3DQ, United Kingdom"
Vitality Corporate Services Limited,England,support@vitality.co.uk,https://vitality.co.uk,+44 (0) 345 601 0072,"Acute Medical Treatment, Private Hospital Stays, Surgery, Diagnostics","Comprehensive Private Medical Insurance (PMI), Specialized Underwriting","Corporate Employers, Mid-Market SMEs, and Private Families","3 More London Riverside, London, SE1 2AQ, United Kingdom"
The Exeter,England,enquiries@the-exeter.com,https://the-exeter.com,+44 (0) 300 123 3201,"Acute Medical Treatment, Private Hospital Stays, Surgery, Diagnostics","Comprehensive Private Medical Insurance (PMI), Specialized Underwriting","Corporate Employers, Mid-Market SMEs, and Private Families","Main Commercial District Head Office, London, England"
WPA (Western Provident Association),England,info@wpa.org.uk,https://wpa.org.uk,+44 (0) 1823 625100,"Acute Medical Treatment, Private Hospital Stays, Surgery, Diagnostics","Comprehensive Private Medical Insurance (PMI), Specialized Underwriting","Corporate Employers, Mid-Market SMEs, and Private Families","Main Commercial District Head Office, London, England"
Simplyhealth,England,customer-services@simplyhealth.co.uk,https://simplyhealth.co.uk,+44 (0) 300 100 1024,"Acute Medical Treatment, Private Hospital Stays, Surgery, Diagnostics","Comprehensive Private Medical Insurance (PMI), Specialized Underwriting","Corporate Employers, Mid-Market SMEs, and Private Families","Main Commercial District Head Office, London, England"
Benenden Health,England,info@benenden.co.uk,https://benenden.co.uk,+44 (0) 800 414 8100,"Acute Medical Treatment, Private Hospital Stays, Surgery, Diagnostics","Affordable Mutual Healthcare Community Infrastructure, Health Diagnostics","Everyday Individuals, Families, and Value-Conscious Consumers","Main Commercial District Head Office, London, England"
Freedom Health Insurance,England,info@freedomhealth.co.uk,https://freedomhealthinsurance.co.uk,+44 (0) 1202 756350,"Acute Medical Treatment, Private Hospital Stays, Surgery, Diagnostics","Comprehensive Private Medical Insurance (PMI), Specialized Underwriting","Corporate Employers, Mid-Market SMEs, and Private Families","Main Commercial District Head Office, London, England"
National Friendly,England,info@nationalfriendly.co.uk,https://nationalfriendly.co.uk,+44 (0) 117 921 1146,"Acute Medical Treatment, Private Hospital Stays, Surgery, Diagnostics","Affordable Mutual Healthcare Community Infrastructure, Health Diagnostics","Everyday Individuals, Families, and Value-Conscious Consumers","Main Commercial District Head Office, London, England"
Bupa Insurance Limited,England,enquiries@bupa.com,https://bupa.co.uk,+44 (0) 345 600 7233,"Acute Medical Treatment, Private Hospital Stays, Surgery, Diagnostics","Global Health Coverage, 24/7 Digital GP, Corporate Healthcare Consulting","Multinational Corporations, Premium High-Net-Worth Individuals, International Expats","1 Angel Court, London, EC2R 7HJ, United Kingdom"
Bupa Insurance Limited,Wales,enquiries@bupa.com,https://bupa.co.uk,+44 (0) 345 600 7233,"Acute Medical Treatment, Private Hospital Stays, Surgery, Diagnostics","Global Health Coverage, 24/7 Digital GP, Corporate Healthcare Consulting","Multinational Corporations, Premium High-Net-Worth Individuals, International Expats","Cardiff Gate Business Park, Cardiff, CF23 8RA, Wales"
AXA PPP Healthcare Limited,Wales,info@axahealth.co.uk,https://axahealth.co.uk,+44 (0) 800 032 7000,"Acute Medical Treatment, Private Hospital Stays, Surgery, Diagnostics","Global Health Coverage, 24/7 Digital GP, Corporate Healthcare Consulting","Multinational Corporations, Premium High-Net-Worth Individuals, International Expats","Pharos House, Cardiff Road, Newport, NP20 2AG, Wales"
Aviva Health UK Limited,Wales,healthpolicy@aviva.com,https://aviva.co.uk,+44 (0) 345 050 8855,"Acute Medical Treatment, Private Hospital Stays, Surgery, Diagnostics","Comprehensive Private Medical Insurance (PMI), Specialized Underwriting","Corporate Employers, Mid-Market SMEs, and Private Families","Regional Operations Center, Cardiff Capital Region, Wales"
Vitality Corporate Services Limited,Wales,support@vitality.co.uk,https://vitality.co.uk,+44 (0) 345 601 0072,"Acute Medical Treatment, Private Hospital Stays, Surgery, Diagnostics","Comprehensive Private Medical Insurance (PMI), Specialized Underwriting","Corporate Employers, Mid-Market SMEs, and Private Families","Regional Operations Center, Cardiff Capital Region, Wales"
The Exeter,Wales,enquiries@the-exeter.com,https://the-exeter.com,+44 (0) 300 123 3201,"Acute Medical Treatment, Private Hospital Stays, Surgery, Diagnostics","Comprehensive Private Medical Insurance (PMI), Specialized Underwriting","Corporate Employers, Mid-Market SMEs, and Private Families","Regional Operations Center, Cardiff Capital Region, Wales"
WPA (Western Provident Association),Wales,info@wpa.org.uk,https://wpa.org.uk,+44 (0) 1823 625100,"Acute Medical Treatment, Private Hospital Stays, Surgery, Diagnostics","Comprehensive Private Medical Insurance (PMI), Specialized Underwriting","Corporate Employers, Mid-Market SMEs, and Private Families","Regional Operations Center, Cardiff Capital Region, Wales"
Simplyhealth,Wales,customer-services@simplyhealth.co.uk,https://simplyhealth.co.uk,+44 (0) 300 100 1024,"Acute Medical Treatment, Private Hospital Stays, Surgery, Diagnostics","Comprehensive Private Medical Insurance (PMI), Specialized Underwriting","Corporate Employers, Mid-Market SMEs, and Private Families","Regional Operations Center, Cardiff Capital Region, Wales"
Benenden Health,Wales,info@benenden.co.uk,https://benenden.co.uk,+44 (0) 800 414 8100,"Acute Medical Treatment, Private Hospital Stays, Surgery, Diagnostics","Affordable Mutual Healthcare Community Infrastructure, Health Diagnostics","Everyday Individuals, Families, and Value-Conscious Consumers","Regional Operations Center, Cardiff Capital Region, Wales"
Freedom Health Insurance,Wales,info@freedomhealth.co.uk,https://freedomhealthinsurance.co.uk,+44 (0) 1202 756350,"Acute Medical Treatment, Private Hospital Stays, Surgery, Diagnostics","Comprehensive Private Medical Insurance (PMI), Specialized Underwriting","Corporate Employers, Mid-Market SMEs, and Private Families","Regional Operations Center, Cardiff Capital Region, Wales"
National Friendly,Wales,info@nationalfriendly.co.uk,https://nationalfriendly.co.uk,+44 (0) 117 921 1146,"Acute Medical Treatment, Private Hospital Stays, Surgery, Diagnostics","Affordable Mutual Healthcare Community Infrastructure, Health Diagnostics","Everyday Individuals, Families, and Value-Conscious Consumers","Regional Operations Center, Cardiff Capital Region, Wales"
Bupa Insurance Limited,Wales,enquiries@bupa.com,https://bupa.co.uk,+44 (0) 345 600 7233,"Acute Medical Treatment, Private Hospital Stays, Surgery, Diagnostics","Global Health Coverage, 24/7 Digital GP, Corporate Healthcare Consulting","Multinational Corporations, Premium High-Net-Worth Individuals, International Expats","Cardiff Gate Business Park, Cardiff, CF23 8RA, Wales"
AXA PPP Healthcare Limited,Wales,info@axahealth.co.uk,https://axahealth.co.uk,+44 (0) 800 032 7000,"Acute Medical Treatment, Private Hospital Stays, Surgery, Diagnostics","Global Health Coverage, 24/7 Digital GP, Corporate Healthcare Consulting","Multinational Corporations, Premium High-Net-Worth Individuals, International Expats","Pharos House, Cardiff Road, Newport, NP20 2AG, Wales"
Aviva Health UK Limited,Wales,healthpolicy@aviva.com,https://aviva.co.uk,+44 (0) 345 050 8855,"Acute Medical Treatment, Private Hospital Stays, Surgery, Diagnostics","Comprehensive Private Medical Insurance (PMI), Specialized Underwriting","Corporate Employers, Mid-Market SMEs, and Private Families","Regional Operations Center, Cardiff Capital Region, Wales"
Vitality Corporate Services Limited,Wales,support@vitality.co.uk,https://vitality.co.uk,+44 (0) 345 601 0072,"Acute Medical Treatment, Private Hospital Stays, Surgery, Diagnostics","Comprehensive Private Medical Insurance (PMI), Specialized Underwriting","Corporate Employers, Mid-Market SMEs, and Private Families","Regional Operations Center, Cardiff Capital Region, Wales"
The Exeter,Wales,enquiries@the-exeter.com,https://the-exeter.com,+44 (0) 300 123 3201,"Acute Medical Treatment, Private Hospital Stays, Surgery, Diagnostics","Comprehensive Private Medical Insurance (PMI), Specialized Underwriting","Corporate Employers, Mid-Market SMEs, and Private Families","Regional Operations Center, Cardiff Capital Region, Wales"
WPA (Western Provident Association),Wales,info@wpa.org.uk,https://wpa.org.uk,+44 (0) 1823 625100,"Acute Medical Treatment, Private Hospital Stays, Surgery, Diagnostics","Comprehensive Private Medical Insurance (PMI), Specialized Underwriting","Corporate Employers, Mid-Market SMEs, and Private Families","Regional Operations Center, Cardiff Capital Region, Wales"
Simplyhealth,Wales,customer-services@simplyhealth.co.uk,https://simplyhealth.co.uk,+44 (0) 300 100 1024,"Acute Medical Treatment, Private Hospital Stays, Surgery, Diagnostics","Comprehensive Private Medical Insurance (PMI), Specialized Underwriting","Corporate Employers, Mid-Market SMEs, and Private Families","Regional Operations Center, Cardiff Capital Region, Wales"
Benenden Health,Wales,info@benenden.co.uk,https://benenden.co.uk,+44 (0) 800 414 8100,"Acute Medical Treatment, Private Hospital Stays, Surgery, Diagnostics","Affordable Mutual Healthcare Community Infrastructure, Health Diagnostics","Everyday Individuals, Families, and Value-Conscious Consumers","Regional Operations Center, Cardiff Capital Region, Wales"
Freedom Health Insurance,Wales,info@freedomhealth.co.uk,https://freedomhealthinsurance.co.uk,+44 (0) 1202 756350,"Acute Medical Treatment, Private Hospital Stays, Surgery, Diagnostics","Comprehensive Private Medical Insurance (PMI), Specialized Underwriting","Corporate Employers, Mid-Market SMEs, and Private Families","Regional Operations Center, Cardiff Capital Region, Wales"
National Friendly,Wales,info@nationalfriendly.co.uk,https://nationalfriendly.co.uk,+44 (0) 117 921 1146,"Acute Medical Treatment, Private Hospital Stays, Surgery, Diagnostics","Affordable Mutual Healthcare Community Infrastructure, Health Diagnostics","Everyday Individuals, Families, and Value-Conscious Consumers","Regional Operations Center, Cardiff Capital Region, Wales"
Bupa Insurance Limited,Wales,enquiries@bupa.com,https://bupa.co.uk,+44 (0) 345 600 7233,"Acute Medical Treatment, Private Hospital Stays, Surgery, Diagnostics","Global Health Coverage, 24/7 Digital GP, Corporate Healthcare Consulting","Multinational Corporations, Premium High-Net-Worth Individuals, International Expats","Cardiff Gate Business Park, Cardiff, CF23 8RA, Wales"
AXA PPP Healthcare Limited,Wales,info@axahealth.co.uk,https://axahealth.co.uk,+44 (0) 800 032 7000,"Acute Medical Treatment, Private Hospital Stays, Surgery, Diagnostics","Global Health Coverage, 24/7 Digital GP, Corporate Healthcare Consulting","Multinational Corporations, Premium High-Net-Worth Individuals, International Expats","Pharos House, Cardiff Road, Newport, NP20 2AG, Wales"
Aviva Health UK Limited,Wales,healthpolicy@aviva.com,https://aviva.co.uk,+44 (0) 345 050 8855,"Acute Medical Treatment, Private Hospital Stays, Surgery, Diagnostics","Comprehensive Private Medical Insurance (PMI), Specialized Underwriting","Corporate Employers, Mid-Market SMEs, and Private Families","Regional Operations Center, Cardiff Capital Region, Wales"
Vitality Corporate Services Limited,Wales,support@vitality.co.uk,https://vitality.co.uk,+44 (0) 345 601 0072,"Acute Medical Treatment, Private Hospital Stays, Surgery, Diagnostics","Comprehensive Private Medical Insurance (PMI), Specialized Underwriting","Corporate Employers, Mid-Market SMEs, and Private Families","Regional Operations Center, Cardiff Capital Region, Wales"
The Exeter,Wales,enquiries@the-exeter.com,https://the-exeter.com,+44 (0) 300 123 3201,"Acute Medical Treatment, Private Hospital Stays, Surgery, Diagnostics","Comprehensive Private Medical Insurance (PMI), Specialized Underwriting","Corporate Employers, Mid-Market SMEs, and Private Families","Regional Operations Center, Cardiff Capital Region, Wales"
WPA (Western Provident Association),Wales,info@wpa.org.uk,https://wpa.org.uk,+44 (0) 1823 625100,"Acute Medical Treatment, Private Hospital Stays, Surgery, Diagnostics","Comprehensive Private Medical Insurance (PMI), Specialized Underwriting","Corporate Employers, Mid-Market SMEs, and Private Families","Regional Operations Center, Cardiff Capital Region, Wales"
Simplyhealth,Wales,customer-services@simplyhealth.co.uk,https://simplyhealth.co.uk,+44 (0) 300 100 1024,"Acute Medical Treatment, Private Hospital Stays, Surgery, Diagnostics","Comprehensive Private Medical Insurance (PMI), Specialized Underwriting","Corporate Employers, Mid-Market SMEs, and Private Families","Regional Operations Center, Cardiff Capital Region, Wales"
Benenden Health,Wales,info@benenden.co.uk,https://benenden.co.uk,+44 (0) 800 414 8100,"Acute Medical Treatment, Private Hospital Stays, Surgery, Diagnostics","Affordable Mutual Healthcare Community Infrastructure, Health Diagnostics","Everyday Individuals, Families, and Value-Conscious Consumers","Regional Operations Center, Cardiff Capital Region, Wales"
Freedom Health Insurance,Wales,info@freedomhealth.co.uk,https://freedomhealthinsurance.co.uk,+44 (0) 1202 756350,"Acute Medical Treatment, Private Hospital Stays, Surgery, Diagnostics","Comprehensive Private Medical Insurance (PMI), Specialized Underwriting","Corporate Employers, Mid-Market SMEs, and Private Families","Regional Operations Center, Cardiff Capital Region, Wales"
