S/NO.,Name,HMO ID,Website,Address,Email,Contact Number,Country,Source,Source URL,State,Region,Coverage State,Coverage Type,Services Rendered,Target Customers
1,A&M HEALTHCARE TRUST LIMITED,102.0,https://amhmo.com/,"Plot U Bekaji Road, Opposite Bekaji Jumma'at Mosque, Jimeta, Yola, Adamawa State",info@amhmo.com,"08033646497, 09162788582, 08024143666",Nigeria,NHIA,https://www.nhia.gov.ng/hmo/,Adamawa,North East,Adamawa,Individual / Family / Corporate,Outpatient care; Specialist consultation; Inpatient care; Diagnostic services; Prescription medicines; Emergency care; Maternity care,Individuals; Families; Corporate Organisations
2,AIICO MULTISHIELD NIGERIA LIMITED,6.0,https://www.aiicomultishield.com/,"322, IKORODU ROAD, ANTHONY",info@aiicomultishield.com loshunniyi@aiicomultishield.com,07026744353 08056744353,Nigeria,NHIA,https://www.nhia.gov.ng/hmo/,Lagos,South West,Nationwide – Nigeria,Individual / Family / Corporate / SME / Group / International,Medical consultation; Outpatient care; Inpatient care; Specialist care; Diagnostic services; Prescription medicines; Hospital care; Emergency care; Maternity care,Individuals; Families; SMEs; Corporate Organisations; Associations; Large Groups
3,ALLEANZA HEALTH MANAGEMENT LIMITED,111.0,https://alleanzahealth.com/individual-plans/,"? 83B, Basheer Shittu Avenue, Magodo Estate, Phase 2, Shangisha, Lagos",info@alleanzahealth.com,07036592835,Nigeria,NHIA,https://www.nhia.gov.ng/hmo/,Lagos,South West,Nationwide – Nigeria,Individual / Family / Corporate / Elderly / SME,Medical consultation; Hospital admission; Surgery; Maternity care; Emergency care; Pharmacy services; Provider network access,Individuals; Families; Elderly/Senior Citizens; SMEs; Corporate Organisations
4,ALLY HEALTHCARE LIMITED,119.0,https://amanhmo.com/home,"Suit C4 Plot 1196 Ndjamena Crescent, Wuse II, Abuja",allyhealthcarelimited@gmail.com,08148808171,Nigeria,NHIA,https://www.nhia.gov.ng/hmo/,FCT,North Central,FCT,Individual / Corporate,Health insurance; Managed healthcare; Outpatient care; Inpatient care; Specialist care; Diagnostic services; Prescription medicines; Emergency care,Individuals; Families; Corporate Organisations
5,AMAN HEALTH MAINTENANCE ORGANIZATIONS,121.0,https://anchorhmo.com/,"? 1, M. M. Alkali Street, Off 442 Crescent, Citec Vilas Gwarinpa, Abuja",info@amanhmo.com,08100588906,Nigeria,NHIA,https://www.nhia.gov.ng/hmo/,FCT,North Central,FCT,Individual / Family / Corporate,Health insurance; Managed healthcare; Outpatient care; Inpatient care; Specialist care; Diagnostic services; Prescription medicines; Emergency care,Individuals; Families; Corporate Organisations
6,ANCHOR HMO INTERNATIONAL COMPANY LIMITED,76.0,https://ashmedintegratedhealthservices.com/,GOLDCREST MALL BUILDING,info@anchorhmo.com,"08031230306, 07058890062, 07080601192",Nigeria,NHIA,https://www.nhia.gov.ng/hmo/,N/A,N/A,Nationwide – Nigeria,Individual / Corporate / SME,Corporate health plans; Retail health plans; Third-party administration; Customized health plans; Emergency support; Claims management,Individuals; Families; SMEs; Small and Large Employers; Corporate Organisations
7,ASHMED INTEGRATED HEALTH SERVICES LTD.,89.0,https://www.avonhealthcare.com/,"RE 013 ZUNGERU CLOSE BY BIMA ROAD NITEL QUARTERS, KADUNA",info@ashmedintegratedhealthservices.com,07036035182,Nigeria,NHIA,https://www.nhia.gov.ng/hmo/,Kaduna,North West,Kaduna,Individual / Family / Corporate,Managed healthcare; Health insurance; Outpatient care; Inpatient care; Specialist care; Diagnostic services; Prescription medicines; Emergency care,Individuals; Families; Corporate Organisations
8,AVON HEALTHCARE LIMITED,63.0,https://www.axamansard.com/health/plans/,"22B, GLOVER ROAD",info@avonhealthcare.com,"08102659972, 07002779800",Nigeria,NHIA,https://www.nhia.gov.ng/hmo/,Lagos,South West,Nationwide – Nigeria,Individual / Family / Corporate,Health insurance; Outpatient care; Inpatient care; Specialist consultation; Diagnostic services; Prescription medicines; Emergency care; Maternity care; Dental care; Optical care,Individuals; Couples; Families; Businesses; Corporate Organisations
9,AXA MANSARD HEALTH LIMITED,59.0,https://bastionhmo.com/,"177, IKORODU ROAD, ONIPANU, LAGOS",healthcare@axamansard.com,0700AXAMANSARD,Nigeria,NHIA,https://www.nhia.gov.ng/hmo/,Lagos,South West,Nationwide – Nigeria,Individual / Family / Corporate,Outpatient care; Inpatient care; Surgical services; Routine immunization; Emergency evacuation; Dental care; Eye care; Physiotherapy; Telemedicine; Pharmacy services; Hospital cash,Individuals; Families; Employees; Groups; Corporate Organisations
10,BASTION HEALTH LIMITED,97.0,https://www.centurymedicaid.org/,"UBN HOUSE NO 1 ADEOLA ODEKU STREET, VICTORIA ISLAND, LAGOS, ETI OSA, LAGOS, Nigeria",Naomiduku@bastionhmo.com,0802BASTI0NHM0 08002278466,Nigeria,NHIA,https://www.nhia.gov.ng/hmo/,Lagos,South West,Lagos,Individual / Family / Corporate,Health insurance; Outpatient care; Inpatient care; Specialist care; Hospital services; Emergency care; Provider network access; Corporate and individual health plans,Individuals; Families; Senior Citizens; SMEs; Corporate Organisations
11,BONITAS HEALTH MAINTENANCE LIMITED,120.0,https://clearlinehmo.com/,"No. 7 Birabi Street, GRA phase 1, Port Harcourt, Rivers State",info@bonitashmo.org,09164113000,Nigeria,NHIA,https://www.nhia.gov.ng/hmo/,Rivers,South South,Rivers,Individual / Family / Corporate,Health insurance; Outpatient care; Inpatient care; Specialist care; Diagnostic services; Prescription medicines; Emergency care; Maternity care,Individuals; Families; SMEs; Corporate Organisations
12,CENTURY MEDICAID SERVICES LIMITED,99.0,https://www.dhmlnigeria.com,"36 OKOROJI STREET, D/LINE, PORT HARCOURT, PORT HARCOURT CITY LGA, RIVERS STATE, Nigeria","info@centurymedicaid.org, centurymedicaid@yahoo.com","08090235044, 09087000193, 09087000192",Nigeria,NHIA,https://www.nhia.gov.ng/hmo/,Rivers,South South,Rivers,Individual / Family / Corporate / Community / Industrial / Educational,Managed healthcare; Health insurance; Outpatient care; Inpatient care; Specialist care; Diagnostic services; Prescription medicines; Emergency care,Individuals; Families; Corporate Organisations; Employees; Students; Educational Institutions; Industry Groups
13,CLEARLINE INTERNATIONAL LIMITED,3.0,https://delogmedicalhmo.com/,"290, IKORODU ROAD, ANTHONY, LAGOS",info@clearlinehmo.net clearline_int@yahoo.com,"08076490111, 08076490101, 014482520",Nigeria,NHIA,https://www.nhia.gov.ng/hmo/,Lagos,South West,Nationwide – Nigeria,Individual / Family / Corporate,Outpatient care; General and specialist consultation; Teleconsultation; Prescription medicines; Diagnostic and laboratory services; Hospital care; Emergency care,Individuals; Families; SMEs; Corporate Organisations
14,DEFENCE HEALTH MAINTENANCE LIMITED,22.0,https://doheec.com/,"2 HAMINA CLOSE, ABUJA",info@dhmlnigeria.com,"07037921025, 08069305886",Nigeria,NHIA,https://www.nhia.gov.ng/hmo/,FCT,North Central,Nationwide – Nigeria,Corporate / Group / Military,Military and defence health insurance; Primary healthcare; Secondary healthcare; Tertiary healthcare; Clinical services; Pharmacy services; Nursing care; Allied medical services; Public health services,Defence Personnel; Defence Employees; Dependants
15,Delog Medical Services Ltd. (HMO),117.0,https://hmo.dot.ai/,"? 369, Borno Way, Alagomeji, Yaba, Lagos",info@delogmedicalhmo.com,08128300972,Nigeria,NHIA,https://www.nhia.gov.ng/hmo/,Lagos,South West,Lagos,Individual / Family / Corporate,Health insurance; Managed healthcare; Outpatient care; Inpatient care; Specialist care; Diagnostic services; Prescription medicines; Emergency care,Individuals; Families; SMEs; Corporate Organisations
16,DOHEEC INTERNATIONAL HEALTHCARE LIMITED HMO,115.0,https://doheec.com/,"2nd Floor, 34/36, Association Avenue, Ilupeju, Lagos",info@doheec.com,"09069431050, 09078945165",Nigeria,NHIA,https://www.nhia.gov.ng/hmo/,Lagos,South West,Lagos,Individual / Family / Corporate,Health insurance; Managed healthcare; Outpatient care; Inpatient care; Specialist care; Diagnostic services; Prescription medicines; Emergency care,Individuals; Families; SMEs; Corporate Organisations
17,DOT HMO Ltd.,100.0,http://gnihealthcare.com/,"MJS House, 366 Murtala Mohammed Way (Opposite Polaris Bank), Yaba, Lagos",support@dot.aihelp@dot.ai,07000368466 (calls) 08170369507 (WhatsApp 0nly),Nigeria,NHIA,https://www.nhia.gov.ng/hmo/,Lagos,South West,Nationwide – Nigeria,Individual / Family / Corporate,Clinic visits; Diagnostic services; Prescription medicines; Specialist care; Telemedicine; Wellness and preventive care; Emergency support,Individuals; Families; SMEs; Teams
18,FOUNTAIN HEALTHCARE LIMITED,94.0,https://gorahhmo.com/,"ALL SEASON PLACE, NO 74 ISHERI- OGUNNUSI ROAD, OJUDU-OMOLE, IKEJA LAGOS",info@fountainhealthcareng.com,"0700F0UNTAIN, 08077705100, 08077705200",Nigeria,NHIA,https://www.nhia.gov.ng/hmo/,Lagos,South West,Nationwide – Nigeria,Individual / Family / Corporate,Health insurance; Managed healthcare; Outpatient care; Inpatient care; Specialist care; Diagnostic services; Prescription medicines; Emergency care; Maternity care,Individuals; Families; SMEs; Corporate Organisations
19,GNI HEALTHCARE LTD,60.0,https://greenbayhmo.com/,"28, AFOLABI AINA STREET, OFF AWOLOWO WAY, IKEJA LAGOS",gnihealthcare@greatnigeriaplc.com,"08057752870, 08163290105 07043051516, 07046251142",Nigeria,NHIA,https://www.nhia.gov.ng/hmo/,Lagos,South West,Nationwide – Nigeria,Individual / Family / Corporate,Medical consultation; Specialist care; Laboratory and diagnostic services; Prescription medicines; Maternity care; Eye care; Dental care; Immunization; Hospital admission; Surgery; HIV care; Ambulance services,Individuals; Families; Employees; Corporate Organisations
20,GORAH HEALTHCARE LTD.,112.0,https://www.greenfieldhmo.com/,"? 322A, Ikorodu Road, Ikeja, Lagos",info@gorahhmo.com,"08132783427, 07031870956",Nigeria,NHIA,https://www.nhia.gov.ng/hmo/,Lagos,South West,Lagos,Individual / Family / Corporate,Preventive healthcare; Wellness care; Emergency services; Specialist consultation; Maternity care; Hospital and clinic access,Individuals; Families; Students; Senior Citizens; Corporate Organisations; International Clients
21,GREENBAY HEALTHCARE SERVICES LIMITED,43.0,http://www.groominghm.com/,"9, ODUNUGA STREET, OFF OPEBI LINK ROAD,",info@greenbayhmo.com,070047336229,Nigeria,NHIA,https://www.nhia.gov.ng/hmo/,Lagos,South West,Nationwide – Nigeria,Individual / Family / Corporate,Health insurance; Managed healthcare; Outpatient care; Inpatient care; Specialist care; Diagnostic services; Prescription medicines; Emergency care,Individuals; Families; Employers; Businesses; Corporate Organisations
22,GREENFIELD HEALTH MANAGEMENT LTD,78.0,https://hallmarkhmo.com/,"PLOT 14, MARKET GARDEN POCKET LAYOUT, BY ISIADINSO CLOSE, G",info@greenfieldhmo.com hodaccounts@greenfieldhmo.com ezealaelizabeth@greenfieldhmo.com,"09091910003, 09091909993",Nigeria,NHIA,https://www.nhia.gov.ng/hmo/,N/A,N/A,Nationwide – Nigeria,Individual / Family / Corporate,Health insurance; Managed healthcare; Outpatient care; Inpatient care; Specialist care; Diagnostic services; Prescription medicines; Emergency care,Individuals; Families; SMEs; Corporate Organisations
23,GROOMING HEALTH MANAGEMENT LIMITED,108.0,https://www.healthassur.com/,"No. 3, Tina Chris Street, Ejigbo, Lagos State",info@groominghm.com,"07080631850, 09087966270",Nigeria,NHIA,https://www.nhia.gov.ng/hmo/,Lagos,South West,Lagos,Individual / Corporate / SME,Routine checkups; Specialist consultation; Emergency care; Outpatient care; Inpatient care; Health insurance; Corporate and individual health plans,Individuals; Families; Employees; Corporate Organisations
24,HALLMARK HEALTH SERVICES LIMITED,96.0,https://healthpartnersng.org/,"264 Ikorodu Road, Obanikoro, Lagos, Somolu Local Government Area, Lagos, Nigeria",info@hallmarkhmo.com,"08170920155, 09087792936, 08090918940",Nigeria,NHIA,https://www.nhia.gov.ng/hmo/,Lagos,South West,Lagos,Retail / SME / Corporate / International,General consultation; Specialist consultation; Diagnostic investigations; Physiotherapy; Renal dialysis; Surgical care; Telemedicine; Gym access; Mortuary cover; Hospital care,Individuals; Families; Employees; Corporate Organisations
25,HEALTH ASSUR LIMITED,87.0,https://www.hcihealthcare.ng/,"NO.1 RAMAT CRESCENT OGUDU GRA, KOSOFE, LAGOS.",info@healthassur.com,"01-3422321, 08026547348, 0700 HEALTH ASSUR (07004325427787)",Nigeria,NHIA,https://www.nhia.gov.ng/hmo/,Lagos,South West,Nationwide – Nigeria,Individual / Family / Business / Corporate,Health insurance; Managed healthcare; Outpatient care; Inpatient care; Specialist care; Diagnostic services; Prescription medicines; Emergency care; Maternity care,Individuals; Families; Employees; SMEs; Corporate Organisations
26,Health Partners Limited,35.0,https://healthpartnersng.org/,N/A,hmo@healthpartnersng.org,"08077140844, 08077140855, 08077140688",Nigeria,NHIA,https://www.nhia.gov.ng/hmo/,N/A,N/A,Nationwide – Nigeria,Retail / SME / Corporate,Health insurance; Managed healthcare; Outpatient care; Inpatient care; Specialist care; Diagnostic services; Prescription medicines; Emergency care,Individuals; Families; SMEs; Corporate Organisations
27,HEALTHCARE INTERNATIONAL LIMITED,4.0,https://hygeiahmo.com/,"308A, MURITALA MOHAMMED WAY, YABA",info@healthcare-ng.com,"08052099069 (Abuja) 08052099099 (Lagos) 014489820, 08052099094",Nigeria,NHIA,https://www.nhia.gov.ng/hmo/,Lagos,South West,Nationwide – Nigeria,Individual / Family / Corporate / International,Health insurance; Managed healthcare; Outpatient care; Inpatient care; Specialist care; Diagnostic services; Prescription medicines; Emergency care; Maternity care,Individuals; Families; SMEs; Corporate Organisations
28,HEALTHSPRING HMO,122.0,https://healthspringhmo.com/,"? 1, Julius Nyerere Crescent, Asokoro, Abuja",info@healthspringhmo.com,"07047000591, 07047000590",Nigeria,NHIA,https://www.nhia.gov.ng/hmo/,FCT,North Central,FCT,Individual / Family,Health insurance; Managed healthcare; Outpatient care; Inpatient care; Specialist care; Diagnostic services; Prescription medicines; Emergency care,Individuals; Families
29,HYGEIA HMO LIMITED,1.0,https://integratedhealthcareltd.com/,"2ND FLOOR, BANK OF INDUSTRY BUILDING, 21/22 MARINA","hycare@hygeiahmo.com, nhisdesk@hygeiahmo.com","070049434266, 014488300",Nigeria,NHIA,https://www.nhia.gov.ng/hmo/,Lagos,South West,Nationwide – Nigeria,Individual / Family / Senior Citizens / Maternity / SME / Corporate,Outpatient care; Inpatient care; Optical care; Dental care; Chronic disease management; Telemedicine; Physiotherapy; ENT services; Wellness and preventive care; Maternal and child care,Individuals; Families; Senior Citizens; SMEs; Corporate Organisations
30,Infinite X2 Health Maintenance Services,113.0,https://ihmsnigeria.com/,"No. 13, Lafia Road, Adjacent Kaduna Golf Course, Kaduna State","Infinitex2health@gmail.com, info@infinitex2health.net",07066026262,Nigeria,NHIA,https://www.nhia.gov.ng/hmo/,Kaduna,North West,Kaduna,Individual / Family / Corporate,Health insurance; Managed healthcare; Outpatient care; Inpatient care; Specialist care; Diagnostic services; Prescription medicines; Emergency care,Individuals; Families; Corporate Organisations
31,INTEGRATED HEALTHCARE,14.0,https://www.ivesmedicare.com/,"19, JOS STREET, AREA 3 GARKI-ABUJA",info@integratedhealthcareltd.com,"08051322662, 08146120236, 08097236759, 09020008294 SMS (and WhatsApp only: 08063206121) Lagos: 08159391310 Awka: 08159391321 Uyo: 08159391334 Kano: 08159391333: Yola: 08159391308 Jos: 08159391311 Ibadan: 08159391324 Minna: 08159391306",Nigeria,NHIA,https://www.nhia.gov.ng/hmo/,FCT,North Central,Nationwide – Nigeria,Individual / Family / Corporate,Health insurance; Managed healthcare; Outpatient care; Inpatient care; Specialist care; Diagnostic services; Prescription medicines; Emergency care,Individuals; Families; Corporate Organisations
32,INTERNATIONAL HEALTH MGT. SERVICES,11.0,https://kennediahmo.com/,"IGI HOUSE, 3 GWAMI ST, WUSE ZONE 4,",info@ihmsnigeria.com,"08085861299, 07041446622, 07004467466",Nigeria,NHIA,https://www.nhia.gov.ng/hmo/,FCT,North Central,Nationwide – Nigeria,Corporate / Group,Health insurance; Managed healthcare; Outpatient care; Inpatient care; Specialist care; Diagnostic services; Prescription medicines; Emergency care,Individuals; Families; Corporate Organisations
33,IVES MEDICARE,69.0,https://leadwayhealth.com/,"4 MOJIDI STREET, OFF TOYIN STREET",info@ivesmedicare.com,"08032639058, 09085187582, 08092165592",Nigeria,NHIA,https://www.nhia.gov.ng/hmo/,Lagos,South West,Lagos,Individual / Family / Corporate,Health insurance; Outpatient care; Inpatient care; Specialist care; Diagnostic services; Prescription medicines; Emergency care; Maternity care,Individuals; Families; Corporate Organisations
34,KENNEDIA HMO LIMITED,109.0,https://lifeworthhmo.com/,"14B, Kingsley Emu Street, Lagos, Off Chris Onanuga, Lekki Phase 1",info@kennediahmo.com,"070030306060, 017002018, 09120351385",Nigeria,NHIA,https://www.nhia.gov.ng/hmo/,Lagos,South West,Lagos,SME / Corporate / Group,Managed healthcare; Medical consultation; Doctor consultation; Hospital appointments; Provider network access; Health insurance plans; Telemedicine,SMEs; Corporate Organisations; Large Corporates
35,LEADWAY HEALTH LIMITED,90.0,https://maayoithealth.org/,"121/123, FUNSHO WILLIAMS AVENUE, IPONRI, SURULERE, LAGOS.",healthcare@leadway.com,"012801051, 08139862271",Nigeria,NHIA,https://www.nhia.gov.ng/hmo/,Lagos,South West,Nationwide – Nigeria,Retail / SME / Corporate / International,Outpatient care; Inpatient care; Optical care; Dental care; Telemedicine; Emergency services; Mental health care; Chronic disease management; Pharmacy services; Home vaccination; Fitness and nutrition services,Individuals; Families; Senior Citizens; SMEs; Small and Large Companies; International Clients
36,LIFE WORTH MEDICARE LTD,79.0,https://marinamedicalhmo.ng/,"13A, BISHOP COKER ROUND ABOUT, ILUPEJU, LAGOS",info@lifeworthhmo.com,08091111760,Nigeria,NHIA,https://www.nhia.gov.ng/hmo/,Lagos,South West,Nationwide – Nigeria,Individual / Family / Corporate,Health insurance; Managed healthcare; Outpatient care; Inpatient care; Specialist care; Diagnostic services; Prescription medicines; Emergency care; Maternity care,Individuals; Families; SMEs; Corporate Organisations
37,LIFESAVER HEALTHCARE LIMITED,118.0,https://markfema.com/,"20B, Olutoye Crescent, Afra Estate, Off Adeniyi Jones Avenue, Ikeja, Lagos State",mb@lifesaverhealthcarehmo.com,09123973551,Nigeria,NHIA,https://www.nhia.gov.ng/hmo/,Lagos,South West,Lagos,Individual / Family / Corporate,Health insurance; Managed healthcare; Outpatient care; Inpatient care; Specialist care; Diagnostic services; Prescription medicines; Emergency care,Individuals; Families; SMEs; Corporate Organisations
38,MAAYOIT HEALTH CARE LIMITED,98.0,N/A,"MHL BUILDING OPPOSITE GSS, OLD JEBBA ROAD, ILORIN, KWARA STATE, P.O. BOX 5504, ILORIN, KWARA STATE, ILORIN, ILORIN WEST, KWARA, Nigeria",info@mayooithealth.org,"08058026841, 08174627100",Nigeria,NHIA,https://www.nhia.gov.ng/hmo/,Kwara,North Central,Kwara,Individual / Family / Corporate,Health insurance; Managed healthcare; Outpatient care; Inpatient care; Specialist care; Diagnostic services; Prescription medicines; Emergency care; Maternity care,Individuals; Families; SMEs; Corporate Organisations
39,MARINA MEDICAL SERVICES HMO LIMITED,48.0,https://mbandohmo.com/,"24, MONTGOMERY ROAD, YABA-LAGOS.",info@marinamedicalhmo.ng,"08144814021, 08182318170,08022598259",Nigeria,NHIA,https://www.nhia.gov.ng/hmo/,Lagos,South West,Lagos,Individual / Family / Corporate,Health insurance; Managed healthcare; Outpatient care; Inpatient care; Specialist care; Diagnostic services; Prescription medicines; Emergency care,Individuals; Families; SMEs; Corporate Organisations
40,MARKFEMA NIGERIA LTD.,29.0,https://medexia.com/,"4A GURARA STREET, IBRAHIM ABACHA ESTATE",info@markfema.com,"08077456035, 08034935832",Nigeria,NHIA,https://www.nhia.gov.ng/hmo/,FCT,North Central,FCT,Individual / Family / Corporate,Health insurance; Managed healthcare; Outpatient care; Inpatient care; Specialist care; Diagnostic services; Prescription medicines; Emergency care,Individuals; Families; Organisations; Companies; Government Bodies
41,MASSLIFE HEALTHCARE LIMITED,103.0,https://masslife.com.ng/,"I. T. F. House (4th Floor), No. 6, Adetokunbo Ademola Crescent, Wuse 2, Abuja",info@masslifehealthcare.com,"234(0)92918962, 234(0)9039887632",Nigeria,NHIA,https://www.nhia.gov.ng/hmo/,FCT,North Central,FCT,Individual / Family / Corporate,Health insurance; Managed healthcare; Outpatient care; Inpatient care; Specialist care; Diagnostic services; Prescription medicines; Emergency care; Maternity care,Individuals; Families; SMEs; Corporate Organisations; Senior Citizens; Tertiary Students; MSMEs
42,MB & O HEALTHCARE SERVICES LIMITED,110.0,https://www.mbandohmo.com/,"30, Bassie Ogamba Street, Off Adeniran Ogunsanya Street, Surulere, Lagos",info@mbandohmo.com,08139952126,Nigeria,NHIA,https://www.nhia.gov.ng/hmo/,Lagos,South West,Lagos,Individual / Family / Corporate,Health insurance; Managed healthcare; Outpatient care; Inpatient care; Specialist care; Diagnostic services; Prescription medicines; Emergency care,Individuals; Families; SMEs; Corporate Organisations
43,MEDEXIA LIMITED,44.0,https://www.metrohealthhmo.com/,"221, IKORODU ROAD, ILUPEJU LAGOS.",okuribido@medexia.com,"08134224609, 09051991430, 014537588",Nigeria,NHIA,https://www.nhia.gov.ng/hmo/,Lagos,South West,Lagos,Individual / Family / Corporate,"Prepaid health plans; Third-party administration; Clinic management; Health audit; Health, safety and environment consultancy; Medical expense administration",Healthcare Organisations; Healthcare Providers; Corporate Organisations
44,MEDICARE ALLIANCE LIMITED,71.0,https://nem-health.com/,"SUITE 9-13, 2ND FLOOR, ADAMU FURA HOUSE",domahealthcare@gmail.com,07065645662 08063545370,Nigeria,NHIA,https://www.nhia.gov.ng/hmo/,FCT,North Central,FCT,Individual / Family / Corporate,Health insurance; Managed healthcare; Outpatient care; Inpatient care; Specialist care; Diagnostic services; Prescription medicines; Emergency care,Individuals; Families; SMEs; Corporate Organisations
45,MEDIPLAN HEALTHCARE LIMITED,5.0,https://mediplanhealthcare.com/,"CAPITAL BUILDING, 332, IKORODU ROAD, IDI-IROKO BUS STOP, MAR",mediplan@mediplanhealthcare.com,"08159093838, 07084068760, 01-4485390, 07066401413, 09036058822",Nigeria,NHIA,https://www.nhia.gov.ng/hmo/,Lagos,South West,Nationwide – Nigeria,Corporate / Individual / Family / Diaspora,Health insurance; Managed healthcare; Outpatient care; Inpatient care; Specialist care; Diagnostic services; Prescription medicines; Emergency care; Maternity care,Individuals; Families; SMEs; Corporate Organisations
46,METROHEALTH HMO LIMITED,77.0,https://www.nonsuchhmo.com/,"26, CATHOLIC MISSION STREET","info@metrohealthhmo.com, nogbodu@metrohealthhmo.com","08090235478, 01-6310038",Nigeria,NHIA,https://www.nhia.gov.ng/hmo/,Lagos,South West,Nationwide – Nigeria,Individual / Family / Corporate,Health insurance; Managed healthcare; Outpatient care; Inpatient care; Specialist care; Diagnostic services; Prescription medicines; Emergency care,Individuals; Families; SMEs; Corporate Organisations
47,NEM HEALTH LIMITED,116.0,https://www.novohealthafrica.org/,"New House, 199 Ikorodu Road, Obanikoro, Lagos",info@nem-health.com,020-13300150,Nigeria,NHIA,https://www.nhia.gov.ng/hmo/,Lagos,South West,Nationwide – Nigeria,Individual / Family / SME / Corporate / Senior Citizens / Diaspora,Health insurance; Managed healthcare; Outpatient care; Inpatient care; Specialist care; Diagnostic services; Prescription medicines; Emergency care,Individuals; Families; SMEs; Corporate Organisations
48,NNPC-HMO LIMITED,86.0,https://www.oceanichealth.com/,NNPC PENSION FUND COMPLEX,nnpchmo@nnpcgroup.com,"08022200180 08097777689 08058866690 08036950614 09-460-85500, 0803-695-0614, 0809-777-7689",Nigeria,NHIA,https://www.nhia.gov.ng/hmo/,N/A,N/A,Nationwide – Nigeria,Corporate / Group,Employee health insurance; Managed healthcare; Outpatient care; Inpatient care; Specialist care; Diagnostic services; Prescription medicines; Emergency care,NNPC Employees; NNPC Dependants; Employees of Participating Organisations
49,NONSUCH MEDICARE LIMITED,51.0,https://peramarehmo.ng/,"PLOT 1, ABIMBOLA ESTATE LAFIA HOSPITAL COMPLEX, APATA-IBADAN",nonsuchmedicare@gmail.com,"08078392043, 08078391607, 08097541194",Nigeria,NHIA,https://www.nhia.gov.ng/hmo/,Oyo,South West,Oyo,Corporate / TISHIP / Community / NHIA,Health insurance; Managed healthcare; Outpatient care; Inpatient care; Specialist care; Diagnostic services; Prescription medicines; Emergency care; Maternity care,Individuals; Families; SMEs; Corporate Organisations
50,NOOR HEALTH LTD.,114.0,https://www.noorhealth.ng/,"? 168, Awolowo Road, Ikoyi, Lagos State. ? 170, Gbagada Express Way, Lagos State",info@noorhealth.ng,09048485050,Nigeria,NHIA,https://www.nhia.gov.ng/hmo/,Lagos,South West,Lagos,Individual / Family / Corporate,Health insurance; Managed healthcare; Outpatient care; Inpatient care; Specialist care; Diagnostic services; Prescription medicines; Emergency care,Individuals; Families; SMEs; Corporate Organisations
51,NOVO HEALTH AFRICA LIMITED,74.0,https://www.phmlnigeria.com/,"PLOT 10A AKIOGUN ROAD, ONIRU LEKKI LAGOS STATE",info@novohealthafrica.org,"09092139552, 07037602736, 09082914217",Nigeria,NHIA,https://www.nhia.gov.ng/hmo/,Lagos,South West,Nationwide – Nigeria,Individual / Family / Corporate,Quality healthcare; Health insurance plans; Community health project management; Healthcare financing and administration; Health system support; Retail health plans; Geriatric care; Corporate health plans,Individuals; Families; Employers; Corporate Organisations; Government Organisations; Communities
52,OCEANIC HEALTH MANAGEMENT LIMITED,39.0,https://precioushmo.com/,"PLOT 226, AWOLOWO ROAD IKOYI, LAGOS / NEXIM HOUSE CBD, ABUJA",hmo@oceanichealthng.com,"016330300, 012806399,08085897999",Nigeria,NHIA,https://www.nhia.gov.ng/hmo/,Lagos / FCT,N/A,Lagos / FCT,Individual / Family / Corporate,Health insurance; Managed healthcare; Outpatient care; Inpatient care; Specialist care; Diagnostic services; Prescription medicines; Emergency care,Individuals; Families; SMEs; Corporate Organisations
53,PERAMARE HEALTH MANAGEMENT COMPANY LIMITED,105.0,https://prepaidmedicareng.com/,"Hall 1, 6th Floor, Tsukunde House, Opposite World Trade Centre, CBD, Abuja",hmo@peramare.ng,09128007005,Nigeria,NHIA,https://www.nhia.gov.ng/hmo/,FCT,North Central,FCT,Individual / Family / Corporate,Emergency care; Outpatient care; Diagnostic services; Prescription medicines; Physiotherapy; Advanced investigations; Inpatient care; Surgery; Maternity care; Dental care; Eye care; Child welfare; Immunization; Mental health therapy; Annual medical checks; Home healthcare; Gym and spa access; Teleconsultation,Individuals; Families; SMEs; Corporate Organisations
54,PHILLIPS HEALTH MANAGEMENT SERVICES LIMITED,88.0,https://phillipshmo.net/,"70B LANRE AWOLOKUN STREET, GBAGADA PHASE 2 GBAGADA KOSOFE, LAGOS.",info@philipshmo.net,016339122-3,Nigeria,NHIA,https://www.nhia.gov.ng/hmo/,Lagos,South West,Lagos,Individual / Family / Corporate,Health insurance; Outpatient care; Inpatient care; Specialist care; Surgical care; Pre-employment screening; Annual medical checkups; Hospital provider network,Individuals; Families; Employees; Corporate Organisations
55,POLICE HEALTH MAINTENANCE LIMITED,73.0,https://prohealthhmo.com/,"517, SYLVESTER UGOR CRESCENT,",info@phlnigeria.com,"08132529114, 08174210057, 090552293969",Nigeria,NHIA,https://www.nhia.gov.ng/hmo/,FCT,North Central,Nationwide – Nigeria,Corporate / Group / Police,Police personnel health insurance; Managed healthcare; Outpatient care; Inpatient care; Specialist care; Diagnostic services; Prescription medicines; Emergency care,Police Personnel; Police Employees; Dependants
56,PRECIOUS HEALTHCARE LIMITED,36.0,https://redcarehmo.com/contact-us/,"8 LUNGI STREET, OFF CAIRO STREET WUSE 2,",info@precioushmo.com,08067456841,Nigeria,NHIA,https://www.nhia.gov.ng/hmo/,FCT,North Central,FCT,Individual / Family / Corporate,Health insurance; Managed healthcare; Outpatient care; Inpatient care; Specialist care; Diagnostic services; Prescription medicines; Emergency care,Individuals; Families; SMEs; Corporate Organisations
57,PREPAID MEDICARE SERVICES LTD.,30.0,https://regenixhealthcare.com/,9A GANGES STREET OFF ALVAN IKOKU WAY,hr@prepaidmedicareng.com,"08085927262, 08091116207, 08035777338, 08076688032",Nigeria,NHIA,https://www.nhia.gov.ng/hmo/,FCT,North Central,Nationwide – Nigeria,Individual / Family / Corporate,Prepaid health insurance; Managed healthcare; Outpatient care; Inpatient care; Specialist care; Diagnostic services; Prescription medicines; Emergency care,Individuals; Families; SMEs; Corporate Organisations
58,PRINCETON HEALTH,17.0,https://getreliancehealth.com/nigeria/,"26 MOGAJI ARE ROAD, OPPOSITE VITAS BAKERY, RING ROAD",info@princetonhmo.net,"08151205555, 081859555555, 09060005654, 09060005674, 07064489783",Nigeria,NHIA,https://www.nhia.gov.ng/hmo/,Oyo,South West,Oyo,Individual / Family / Corporate,Health insurance; Managed healthcare; Outpatient care; Inpatient care; Specialist care; Diagnostic services; Prescription medicines; Emergency care,Individuals; Families; SMEs; Corporate Organisations
59,PROHEALTH HMO LTD,57.0,https://www.prohealthhmo.com/,"BASSAN PLAZA, BLOCK D, FIRST FLOOR, PLOT 759 INDEPENDENCE AV",info@prohealthhmo.com,070776432584,Nigeria,NHIA,https://www.nhia.gov.ng/hmo/,FCT,North Central,Nationwide – Nigeria,Individual / Family / Corporate / SME / Group / Social Health Insurance,Health insurance; Managed healthcare; Outpatient care; Inpatient care; Specialist care; Diagnostic services; Prescription medicines; Emergency care; Maternity care,Individuals; Families; SMEs; Corporate Organisations
60,REDCARE HEALTH SERVICES LIMITED,65.0,https://ronsbergerhmo.com/,"22 COKER ROAD, OPPOSITE MAMACASS",info@redcarehmo.com,"012772020, 07700REDCARE",Nigeria,NHIA,https://www.nhia.gov.ng/hmo/,N/A,N/A,Nationwide – Nigeria,Individual / Family / Corporate,Health insurance; Managed healthcare; Outpatient care; Inpatient care; Specialist care; Diagnostic services; Prescription medicines; Emergency care,Individuals; Families; SMEs; Corporate Organisations
61,REGENIX HEALTH CARE SERVICE LIMITED,64.0,https://rothaugehealth.com/,"KIENI PLAZA, KLM 13MELFORD OKILO ROAD",info@regenixhealthcare.com admin@regenixhealthcare.com regehmoservices@gmail.com,"08148220185, 08029377719",Nigeria,NHIA,https://www.nhia.gov.ng/hmo/,Rivers,South South,Rivers,Individual / Family / Corporate,Health insurance; Managed healthcare; Outpatient care; Inpatient care; Specialist care; Diagnostic services; Prescription medicines; Emergency care,Individuals; Families; SMEs; Corporate Organisations
62,RELIANCE HMO LIMITED,92.0,http://www.royalhealthms.com/,"32 LANRE AWOLOKUN STREET GBAGADA PHASE 2, KOSOFE, LAGOS",hello@reliancehmo.com,"070073542623, 017001580",Nigeria,NHIA,https://www.nhia.gov.ng/hmo/,Lagos,South West,Nationwide – Nigeria,Individual / Family / SME / Corporate,Health insurance; Managed healthcare; Outpatient care; Inpatient care; Specialist care; Diagnostic services; Prescription medicines; Emergency care; Telemedicine,Individuals; Families; SMEs; Corporate Organisations
63,RODING HEALTHCARE LTD.,93.0,https://salustrustng.com/,"NO. 4 MAKOLO ROAD, ADEKUNLE YABA, LAGOS","rodinghealthcare@gmail.com, info@rodingheatlhcareltd.com",070 CALL R0DING (07002255763464),Nigeria,NHIA,https://www.nhia.gov.ng/hmo/,Lagos,South West,Lagos,Individual / Family / Corporate,Health insurance; Managed healthcare; Outpatient care; Inpatient care; Specialist care; Diagnostic services; Prescription medicines; Emergency care,Individuals; Families; SMEs; Corporate Organisations
64,RONSBERGER NIGERIA LTD.,10.0,https://seraphhmo.com/,"1, MAMBOLO STREET, WUSE ZONE 2, ABUJA.",info@ronsbergerhmo.org,"08021811800 , 092902975, 08103247680, 092903430",Nigeria,NHIA,https://www.nhia.gov.ng/hmo/,FCT,North Central,FCT,Individual / Family / Corporate,Health insurance; Managed healthcare; Outpatient care; Inpatient care; Specialist care; Diagnostic services; Prescription medicines; Emergency care,Individuals; Families; SMEs; Corporate Organisations
65,ROTHAUGE HEALTHCARE LIMITED,101.0,https://www.skydalink.com/,"16, BABATUNDE STREET, OFF OGUNLANA DRIVE, SURULERE, SURULERE LGA, LAGOS, Nigeria","info@rothaugehealth.com, directors@rothaugehealth.com","07060910825, 09080000134, 08159996670",Nigeria,NHIA,https://www.nhia.gov.ng/hmo/,Lagos,South West,Lagos,Individual / Family / Corporate,Specialist consultation; Outpatient services; Hospital admission; Prescription drugs; Immunization; Laboratory investigations; Physiotherapy; Dental care; Optical care; Surgical procedures; Maternity care; ICU services; Preventive wellness; Employment screening; Third-party administration; Healthcare consulting,Individuals; Families; Employees; Employers; Corporate Organisations
66,ROYAL HEALTH MAINTENANCE SERVICES LTD.,26.0,https://www.songhaihealthtrust.com/,PLOT 271 IKENEGBU LAYOUT (FLORIDA BOOKSHOP BUILDING) OWERRI,royalhealthmaintenanceservices@yahoo.com,08037956689,Nigeria,NHIA,https://www.nhia.gov.ng/hmo/,Imo,South East,Imo,Individual / Family / Corporate,Health insurance; Managed healthcare; Outpatient care; Inpatient care; Specialist care; Diagnostic services; Prescription medicines; Emergency care,Individuals; Families; SMEs; Corporate Organisations
67,SALUS TRUST GTE,54.0,https://www.salustrustng.com/,"7 FORCE ROAD, LAGOS ISLAND.",salustrustgte@yahoo.com,"08052272587, 01-3428992",Nigeria,NHIA,https://www.nhia.gov.ng/hmo/,Lagos,South West,Lagos,Individual / Family / Student / Corporate,Health insurance; Routine consultation; Specialist treatment; Health screening; Diagnostic testing; Pharmacy services; Chronic illness management; Wellness programmes; Fitness and nutrition guidance; Counselling; Preventive care; Health education,Individuals; Families; Employees; Corporate Organisations
68,SERAPH HMO LIMITED,107.0,http://www.sterlinghealthmcs.com/,"Kilometer 7, Gboko Road, Makurdi, Benue State",seraphnigltd@yahoo.com,08061136674,Nigeria,NHIA,https://www.nhia.gov.ng/hmo/,Benue,North Central,Benue,Individual / Family / Corporate,Health insurance; Managed healthcare; Outpatient care; Inpatient care; Specialist care; Diagnostic services; Prescription medicines; Emergency care,Individuals; Families; SMEs; Corporate Organisations
69,SKYDA HEALTH LIMITED,104.0,https://skydalink.com/,"8A, Panama Street, off IBB Way Maitama, Abuja",skydahealthng@gmail.com,08037013715,Nigeria,NHIA,https://www.nhia.gov.ng/hmo/,FCT,North Central,FCT,Individual / Family / Corporate,Health insurance; Managed healthcare; Outpatient care; Inpatient care; Specialist care; Diagnostic services; Prescription medicines; Emergency care,Individuals; Families; SMEs; Corporate Organisations
70,SONGHAI HEALTH TRUST,13.0,https://synergywellcare.com/,"TSUKUNDA HOUSE SUITE B11, AND B12, PLOT 1446, CONSTITUTION A",info@songhaihealthtrust.com,07000303030,Nigeria,NHIA,https://www.nhia.gov.ng/hmo/,FCT,North Central,FCT,Individual / Family / Corporate,Health insurance; Managed healthcare; Outpatient care; Inpatient care; Specialist care; Diagnostic services; Prescription medicines; Emergency care,Individuals; Families; SMEs; Corporate Organisations
71,SPRINGTIDE HEALTHCARE SERVICES LTD.,106.0,https://springtidehmo.com/,"Iriebe Street, D''line Port Harcourt, Rivers State",info@sprintidehmo.com,08183099999,Nigeria,NHIA,https://www.nhia.gov.ng/hmo/,Rivers,South South,Rivers,Individual / Corporate / International,Outpatient care; General consultation; Specialist consultation; Inpatient care; Hospital access; Prescription medicines; Chronic disease management; Diagnostic services; Laboratory services; Radiology; Eye care; Dental care; Wellness programmes; Preventive care; Telemedicine; Health coaching,Individuals; Families; Employees; Corporate Organisations
72,STERLING HEALTH MANAGED CARE SERVICES LIMITED,34.0,https://ultimatehealthhmo.com/,"VALLEY VIEW PLAZA, 99 OPEBI ROAD",info@sterlinghealth-mcs.com,"07009110911, 07014184367",Nigeria,NHIA,https://www.nhia.gov.ng/hmo/,Lagos,South West,Nationwide – Nigeria,Individual / Family / Corporate,Health insurance; Managed healthcare; Outpatient care; Inpatient care; Specialist care; Diagnostic services; Prescription medicines; Emergency care,Individuals; Families; SMEs; Corporate Organisations
73,SUNU HEALTH NIGERIA LIMITED,16.0,https://www.uchm.net/,NO. 16 OBOKUN ST. ILUPEJU,"nigeria.health@sunu-group.com , info@mhshmo.com","070010008000, 08003425647",Nigeria,NHIA,https://www.nhia.gov.ng/hmo/,Lagos,South West,Nationwide – Nigeria,Individual / Family / Employee / Corporate,Managed healthcare; Health insurance; Outpatient care; Inpatient care; Specialist care; Diagnostic services; Prescription medicines; Emergency care; Telemedicine; Overseas referral services,Individuals; Families; SMEs; Corporate Organisations; Employees
74,SYNERGY WELLCARE MEDICAID LIMITED,91.0,https://unitedhealthcare-ng.com/,"NO. 13 PRECISION SCHOOL ROAD, ODANI ELELENWO, PORT HARCOURT, OBIAKPO RIVERS STATE.","synergywellcare@gmail.com, info@synergywellcare.com","08099992825, 08098862873, 09081777726,09081888837",Nigeria,NHIA,https://www.nhia.gov.ng/hmo/,Rivers,South South,Rivers,Individual / Family / Employee / Business,Health insurance; Managed healthcare; Outpatient care; Inpatient care; Specialist care; Diagnostic services; Prescription medicines; Emergency care,Individuals; Families; SMEs; Corporate Organisations
75,TOTAL HEALTH TRUST LIMITED,2.0,https://www.venusmedicare.com/,"2, MARCONI ROAD, PALMGROOVE ESTATE, ILUPEJU",thtabuja@totalhealthtrust.com,07080687600 014482105,Nigeria,NHIA,https://www.nhia.gov.ng/hmo/,Lagos,South West,Nationwide – Nigeria,Individual / Family / Corporate,Health insurance; Managed healthcare; Outpatient care; Inpatient care; Specialist care; Diagnostic services; Prescription medicines; Emergency care; Maternity care,Individuals; Families; SMEs; Corporate Organisations
76,ULTIMATE HEALTH MANAGEMENT SERVICES LTD,61.0,https://veritashealthcareltd.com/,"TSUKUNDA HOUSE, 4TH FLOOR, RIGHT WING, PLOT 1446.CONSTITUTIO",info@ultimatehealthhmo.com,"070085846283, 08179948153",Nigeria,NHIA,https://www.nhia.gov.ng/hmo/,FCT,North Central,Nationwide – Nigeria,Group / Individual / Family / SME / Corporate,Health insurance; Managed healthcare; Outpatient care; Inpatient care; Specialist care; Diagnostic services; Prescription medicines; Emergency care,Individuals; Families; SMEs; Corporate Organisations
77,UNITED COMPREHENSIVE HEALTH MANAGERS LTD.,23.0,https://wellhealthnetwork.com/,PLOT C-1 RUMUOGBA RESIDENTIAL ESTATE,info@uchm.net unichm2013@gmail.com,"08158393328, 07033683712",Nigeria,NHIA,https://www.nhia.gov.ng/hmo/,Rivers,South South,Rivers,Individual / Family / Corporate,Health insurance; Managed healthcare; Outpatient care; Inpatient care; Specialist care; Diagnostic services; Prescription medicines; Emergency care,Individuals; Families; SMEs; Corporate Organisations
78,UNITED HEALTHCARE INTERNATIONAL LIMITED,7.0,https://www.wellnesshealthcare.com.ng/,"UHI HOUSE, 7 JABA CLOSE OFF DUNUKOFIA ST, OPPOSITE FCDA MINI",info@unitedhealthcare-ng.com contact@unitedhealthcare_ng.com,07088485894 08164582835 094611600,Nigeria,NHIA,https://www.nhia.gov.ng/hmo/,FCT,North Central,Nationwide – Nigeria,Retail / Individual / Family / Corporate / International / Travel,Health insurance; Managed healthcare; Outpatient care; Inpatient care; Specialist care; Diagnostic services; Prescription medicines; Emergency care,Individuals; Families; SMEs; Corporate Organisations
79,VENUS MEDICARE LTD,21.0,https://zumahealthtrust.ng/,"PLOT 472, CADASTRAL ZONE A8, FORMER CHICKEN HOUSE. OPP. ASCO",info@venusmedicare.com,"070033330000, 07046090877, 07046090878",Nigeria,NHIA,https://www.nhia.gov.ng/hmo/,FCT,North Central,FCT,Individual / Small Employer / Corporate,Health insurance; Managed healthcare; Outpatient care; Inpatient care; Specialist care; Diagnostic services; Prescription medicines; Emergency care,Individuals; Families; SMEs; Corporate Organisations
80,VERITAS HEALTHCARE LIMITED,24.0,http://www.healthnomicshmoplc.org,"3RD FLOOR, UNITY KAPITAL BUILDING, PLOT 497, ABOGO LARGEMA S",info@vhcl.com.ng,07067880493 08137895669 08137967923 08082560543,Nigeria,NHIA,https://www.nhia.gov.ng/hmo/,FCT,North Central,FCT,Retail / Individual / Family / Corporate / TISHIP,Health insurance; Managed healthcare; Outpatient care; Inpatient care; Specialist care; Diagnostic services; Prescription medicines; Emergency care,Individuals; Families; SMEs; Corporate Organisations
81,WELL HEALTH NETWORK LIMITED,67.0,http://www.hyssophmo.com,"15 IBUSA AVENUE, INDEPENDENT LAYOUT",info@wellhealthnetwork.com,08086250004,Nigeria,NHIA,https://www.nhia.gov.ng/hmo/,Enugu,South East,Enugu,Individual / Family / Corporate / Group / Institutional / Student,Health insurance; Managed healthcare; Outpatient care; Inpatient care; Specialist care; Diagnostic services; Prescription medicines; Emergency care,Individuals; Families; SMEs; Corporate Organisations
82,WELLNESS HEALTH MANAGEMENT SERVICES LIMITED,41.0,http://www.hopewellhealthcare.ng,"9, JOGUNOLA STREET, GBAGADA PHASE II, GBAGADA,",callcenter@wellnesshmo.com info@wellnesshmo.com,"070093556377, 08098726196, 08184742564",Nigeria,NHIA,https://www.nhia.gov.ng/hmo/,Lagos,South West,Lagos,Individual / Family / Corporate,Health insurance; Managed healthcare; Outpatient care; Inpatient care; Specialist care; Diagnostic services; Prescription medicines; Emergency care; Wellness and preventive care,Individuals; Families; SMEs; Corporate Organisations
83,ZUMA HEALTH TRUST,28.0,http://www.smarthealth.com,"PLOT 856, OLU AWOTESU STREET, OFF IDRISS IBRAHIM CRESCENT, (",zumahmo28@gmail.com,"07062236824, 09055958534, 08094872221,",Nigeria,NHIA,https://www.nhia.gov.ng/hmo/,FCT,North Central,FCT,Individual / Family / Corporate,Health insurance; Managed healthcare; Outpatient care; Inpatient care; Specialist care; Diagnostic services; Prescription medicines; Emergency care,Individuals; Families; SMEs; Corporate Organisations
84,Healthnomics HMO PLC,123.0,http://www.healthassur.com%20,"MDCAN National Secretariat, Stephen Keshi Street, Off 69 Road, 6th Avenue, Gwarinpa Estate, Abuja",info@healthnomicshmoplc.org,"07033112298, 08020703947",Nigeria,NHIA,https://www.nhia.gov.ng/hmo/,FCT,North Central,FCT,Individual / Family,Health insurance; Managed healthcare; Outpatient care; Inpatient care; Specialist care; Diagnostic services; Prescription medicines; Emergency care,Individuals; Families; SMEs; Corporate Organisations
85,HYSSOP Health International Limited (HMO),124.0,http://www.questhmo.com,"217, Jakpa Road, By Okuisoko, Effurun, Warri, Delta State",info@hyssophmo.com,08038630662,Nigeria,NHIA,https://www.nhia.gov.ng/hmo/,Delta,South South,Delta,Individual / Family / Corporate,Health insurance; Managed healthcare; Outpatient care; Inpatient care; Specialist care; Diagnostic services; Prescription medicines; Emergency care,Individuals; Families; SMEs; Corporate Organisations
86,Hopewell Healthcare Management Ltd,125.0,http://www.lifeactionplus.com,"Suite A5, 1st Floor, Ocean Center, No. 3, Happiness Blessing Street, Opposite FCT Library, Gudu, Abuja",hdimka@hopewellhealthcare.ng,08066951910,Nigeria,NHIA,https://www.nhia.gov.ng/hmo/,FCT,North Central,FCT,Individual / Family,Health insurance; Managed healthcare; Outpatient care; Inpatient care; Specialist care; Diagnostic services; Prescription medicines; Emergency care,Individuals; Families; SMEs; Corporate Organisations
87,Crown Jewel HMO Ltd.,126.0,http://www.aspirehmo.com,"No, 17, Ahmadu Bello Way, Garki, Abuja",info@crownjewelhmo.com,+2348065598104,Nigeria,NHIA,https://www.nhia.gov.ng/hmo/,FCT,North Central,FCT,Individual / Family / SME / Corporate,Health insurance; Managed healthcare; Outpatient care; Inpatient care; Specialist care; Diagnostic services; Prescription medicines; Emergency care,Individuals; Families; SMEs; Corporate Organisations
88,Smathealth Medicare Limited,127.0,http://www.miterahealth.com,"Smathealth Medicare Limited 12B, Ogunmodede Street, By Ikeja Medical Cebtre, Allen Avenue, Ikeja, Lagos State",info@smarthealth.com,"08032343023, 08087651504",Nigeria,NHIA,https://www.nhia.gov.ng/hmo/,Lagos,South West,Lagos,Individual / Family / Corporate,Health insurance; Managed healthcare; Outpatient care; Inpatient care; Specialist care; Diagnostic services; Prescription medicines; Emergency care,Individuals; Families; SMEs; Corporate Organisations
89,Zenor Healthcare Ltd.,131.0,https://www.zenorhealthcare.com/,"86, Ajayi Road, Off Aboaba Street, Ogba, Lagos",zenorhealthcare@gmail.com,08164638041,Nigeria,NHIA,https://www.nhia.gov.ng/hmo/,Lagos,South West,Lagos,Individual / Family / SME / Corporate,Health insurance; Managed healthcare; Outpatient care; Inpatient care; Specialist care; Diagnostic services; Prescription medicines; Emergency care,Individuals; Families; SMEs; Corporate Organisations
90,Aspire HMO Limited,132.0,N/A,"3, lover Road, Ikoyi, Lagos State",info@aspirehmo.com,07071495437,Nigeria,NHIA,https://www.nhia.gov.ng/hmo/,Lagos,South West,Lagos,Individual / Family / Corporate,Health insurance; Managed healthcare; Outpatient care; Inpatient care; Specialist care; Diagnostic services; Prescription medicines; Emergency care,Individuals; Families; SMEs; Corporate Organisations
91,Mitera Health Limited,133.0,https://miterahealth.com/,"Plot 8/10, Hortico Way, Off Command Road, Ikeja, Lagos",gbeminiyi.onabanjo@miterahealth.com,08033273747,Nigeria,NHIA,https://www.nhia.gov.ng/hmo/,Lagos,South West,Lagos,Individual / Family / Corporate,Health insurance; Managed healthcare; Outpatient care; Inpatient care; Specialist care; Diagnostic services; Prescription medicines; Emergency care,Individuals; Families; SMEs; Corporate Organisations
92,Bupa,N/A,https://www.bupa.co.uk/,N/A,N/A,0345 609 0111,United Kingdom,Official Company Website,https://www.bupa.co.uk/contact-us.php,England,N/A,United Kingdom,Private Medical Insurance,"Private healthcare, health insurance, specialist treatment, hospital care, health assessments and wellbeing services","Individuals, families, employers and businesses"
93,AXA Health,N/A,https://www.axahealth.co.uk/,N/A,N/A,0800 027 1384,United Kingdom,Official Company Website,https://www.axahealth.co.uk/health-insurance/contact-us/,England,N/A,United Kingdom,Private Medical Insurance,"Private healthcare, hospital treatment, specialist consultations, diagnostic tests, mental health support and health assessments","Individuals, couples, families, self-employed people, small businesses and large corporates"
94,Aviva,N/A,https://www.aviva.co.uk/,N/A,N/A,N/A,United Kingdom,Official Company Website,https://www.aviva.co.uk/help-and-support/contact-us/,England,N/A,United Kingdom,Private Medical Insurance,"Private treatment, hospital care, specialist consultations, diagnostic tests, cancer treatment, mental health treatment and GP video consultations","Individuals, families, employees and businesses"
95,WPA,N/A,https://www.wpa.org.uk/,N/A,N/A,N/A,United Kingdom,Official Company Website,https://www.wpa.org.uk/,England,N/A,United Kingdom,Private Medical Insurance / Health Cash Plans,"Private hospital treatment, consultations, diagnostic tests, health cash plans, dental plans and employee health services","Individuals, families, self-employed people and businesses"
96,VitalityHealth,N/A,https://www.vitality.co.uk/,N/A,N/A,N/A,United Kingdom,Official Company Website,https://www.vitality.co.uk/,England,N/A,United Kingdom,Private Medical Insurance,"Private hospital treatment, GP services, diagnostic tests, specialist care, cancer care, mental health support, physiotherapy and wellbeing rewards","Individuals, families, self-employed people and businesses"
97,The Exeter,N/A,https://www.the-exeter.com/,N/A,member@the-exeter.com,0300 123 3201,United Kingdom,Official Company Website,https://the-exeter.com/contact-us/member/,England,N/A,United Kingdom,Private Medical Insurance,"Private medical treatment, specialist consultations, hospital care, diagnostics and healthcare support","Individuals, families and businesses"
98,Benenden Health,N/A,https://www.benenden.co.uk/,N/A,N/A,N/A,United Kingdom,Official Company Website,https://www.benenden.co.uk/contact-us/,England,N/A,United Kingdom,Healthcare Membership,"24/7 GP helpline, mental health support, diagnostic consultations and tests, surgical treatment, hospital access and health and wellbeing services","UK residents, individuals, families and members"
99,Freedom Health Insurance,N/A,https://www.freedomhealthinsurance.co.uk/,N/A,N/A,0800 999 2013,United Kingdom,Official Company Website,https://www.freedomhealthinsurance.co.uk/contact-us,England,N/A,United Kingdom,Private Medical Insurance,"Private medical treatment, hospital care, specialist consultations, diagnostic services and healthcare support","Individuals, families, expatriates and businesses"
100,National Friendly,N/A,https://www.nationalfriendly.co.uk/,N/A,N/A,N/A,United Kingdom,Official Company Website,https://www.nationalfriendly.co.uk/,England,N/A,United Kingdom,Private Medical Insurance,"Private healthcare, medical consultations, diagnostic services and treatment",Individuals and families
101,Saga Health Insurance,N/A,https://www.saga.co.uk/health-insurance,N/A,N/A,N/A,United Kingdom,Official Company Website,https://www.saga.co.uk/contact-us/insurance/health-insurance,England,N/A,United Kingdom,Private Medical Insurance,"Private hospital treatment, inpatient and day-patient treatment, outpatient consultations, tests, scans, physiotherapy, cancer support and 24/7 GP services",People aged 50 and over
102,Cigna Healthcare,N/A,https://www.cigna.co.uk/,N/A,N/A,N/A,United Kingdom,Official Company Website,https://www.cigna.co.uk/,England,N/A,United Kingdom and international,International Private Medical Insurance,"International medical insurance, inpatient and day-patient care, hospital treatment, specialist care, outpatient care, dental options, telehealth and global healthcare support","Individuals, families, international students, workers, retirees, globally mobile employees and organisations"
103,Simplyhealth,N/A,https://www.simplyhealth.co.uk/,N/A,N/A,0370 908 3304,United Kingdom,Official Company Website,https://www.simplyhealth.co.uk/contact-us,England,N/A,United Kingdom,Health Cash Plan / Health Insurance,"Dental care, optical care, physiotherapy, chiropractic care, podiatry, diagnostic consultations and scans, prescriptions and everyday healthcare costs","Individuals, families, employees and businesses"
104,General & Medical,N/A,https://www.gminsure.com/,N/A,info@gminsure.com,0800 970 9442,United Kingdom,Official Company Website,https://www.generalandmedical.com/contact-us/,England,N/A,United Kingdom,Private Medical Insurance,"Private medical treatment, hospital care, specialist consultations, diagnostics and healthcare support","Individuals, families and businesses"
105,CS Healthcare,N/A,https://www.cshealthcare.co.uk/,N/A,N/A,N/A,United Kingdom,Official Company Website,https://www.cshealthcare.co.uk/contact-us/,England,N/A,United Kingdom,Private Healthcare / Health Insurance,"Private healthcare, consultations, diagnostic services, hospital treatment and healthcare support","Civil servants, public-sector employees, their families and eligible members"
106,Aneurin Bevan University Health Board,N/A,https://abuhb.nhs.wales/,N/A,abb.engagement@wales.nhs.uk,01633 431890,United Kingdom,Official Organisation Website,https://abuhb.nhs.wales/about-us/engagement/community-engagement/contact-us/,Wales,N/A,Local – Southeast Wales,NHS Health Services,"Primary care, hospital care, community health services, mental health services, specialist healthcare and public health services","Residents of Blaenau Gwent, Caerphilly, Monmouthshire, Newport and Torfaen"
107,Betsi Cadwaladr University Health Board,N/A,https://bcuhb.nhs.wales/,N/A,N/A,N/A,United Kingdom,Official Organisation Website,https://bcuhb.nhs.wales/contact-us/,Wales,N/A,Local – North Wales,NHS Health Services,"Primary care, hospital care, community health services, mental health services, specialist healthcare and emergency care",Residents of North Wales
108,Cardiff and Vale University Health Board,N/A,https://cavuhb.nhs.wales/,N/A,Cav.Concerns@wales.nhs.uk,029 2183 6318,United Kingdom,Official Organisation Website,https://cavuhb.nhs.wales/contact-us/,Wales,N/A,Local – Cardiff and Vale of Glamorgan,NHS Health Services,"Primary care, hospital care, community health services, mental health services, specialist healthcare and emergency care",Residents of Cardiff and the Vale of Glamorgan
109,Cwm Taf Morgannwg University Health Board,N/A,https://ctmuhb.nhs.wales/,N/A,N/A,N/A,United Kingdom,Official Organisation Website,https://ctmuhb.nhs.wales/contact-us/,Wales,N/A,Local – Cwm Taf Morgannwg,NHS Health Services,"Primary care, hospital care, community health services, mental health services, specialist healthcare and emergency care","Residents of Bridgend, Merthyr Tydfil and Rhondda Cynon Taf"
110,Hywel Dda University Health Board,N/A,https://hduhb.nhs.wales/,N/A,corporate.correspondence.hdd@wales.nhs.uk,01267 235151,United Kingdom,Official Organisation Website,https://hduhb.nhs.wales/about-us/your-health-board/board-members/our-board-members/contact-board-members/,Wales,N/A,Local – West Wales,NHS Health Services,"Primary care, hospital care, community health services, mental health services, cancer care, diagnostics, physiotherapy and specialist healthcare","Residents of Carmarthenshire, Ceredigion, Pembrokeshire and parts of South Powys"
111,Powys Teaching Health Board,N/A,https://pthb.nhs.wales/,N/A,N/A,01874 442071,United Kingdom,Official Organisation Website,https://pthb.nhs.wales/use-of-site/freedom-of-information/,Wales,N/A,Local – Powys,NHS Health Services,"Primary care, community hospitals, community health services, mental health services, therapy services and specialist care through commissioned services",Residents of Powys
112,Swansea Bay University Health Board,N/A,https://sbuhb.nhs.wales/,N/A,FOIA.Requests@wales.nhs.uk,01639 683344,United Kingdom,Official Organisation Website,https://sbuhb.nhs.wales/about-us/contact-us/,Wales,N/A,Local – Swansea Bay,NHS Health Services,"Hospital care, primary care, community health services, mental health and learning disability services, specialist healthcare and emergency care",Residents of Neath Port Talbot and Swansea
113,Public Health Wales NHS Trust,N/A,https://phw.nhs.wales/,N/A,N/A,029 2022 7744,United Kingdom,Official Organisation Website,https://phw.nhs.wales/contact-us/,Wales,N/A,National – Wales,Public Health Services,"Screening programmes, immunisations and vaccines, health data and surveillance, STI testing, disease control, workplace health and public health programmes","People across Wales, including individuals, communities and public-sector organisations"
114,Velindre University NHS Trust,N/A,https://velindre.nhs.wales/,N/A,N/A,N/A,United Kingdom,Official Organisation Website,https://velindre.nhs.wales/contact-us/,Wales,N/A,National – Wales,Specialist NHS Healthcare,"Specialist cancer treatment, radiotherapy, systemic anti-cancer treatments, specialist palliative care, cancer research and Welsh Blood Service",Patients across Wales requiring specialist cancer and related services
115,Welsh Ambulance Services University NHS Trust,N/A,https://ambulance.nhs.wales/,N/A,PECI.team@wales.nhs.uk,0300 723 9207,United Kingdom,Official Organisation Website,https://ambulance.nhs.wales/contact-us/,Wales,N/A,National – Wales,Emergency and Non-Emergency Ambulance Services,"Emergency ambulance services, non-emergency patient transport, emergency medical services and NHS 111 Wales",People across Wales requiring emergency or non-emergency ambulance services
116,Health Education and Improvement Wales,N/A,https://heiw.nhs.wales/,N/A,N/A,N/A,United Kingdom,Official Organisation Website,https://heiw.nhs.wales/contact-us/,Wales,N/A,National – Wales,NHS Workforce Education and Training,"Workforce education, training, professional development, workforce planning and development for NHS Wales","Healthcare professionals, healthcare students and the NHS workforce in Wales"
117,Digital Health and Care Wales,N/A,https://dhcw.nhs.wales/,N/A,DHCW-Comms@wales.nhs.uk,02920 500500,United Kingdom,Official Organisation Website,https://dhcw.nhs.wales/contact-us/,Wales,N/A,National – Wales,Digital Health and Data Services,"National digital health systems, digital and data services, electronic health records, digital infrastructure, cyber security and digital transformation","NHS Wales organisations, healthcare professionals and the people who use NHS Wales services"
